﻿<?xml version="1.0" encoding="UTF-8"?>

<options> 
  <option> 
    <windpower>北风3~4级</windpower>  
    <weather>晴</weather>  
    <cityname>宁海头部</cityname>  
    <temperature>1℃~5℃</temperature> 
  </option>  
  <option> 
    <windpower>2.0</windpower>  
    <weather>多云</weather>  
    <cityname>海曙</cityname>  
    <temperature>11.0</temperature> 
  </option>  
  <option> 
    <windpower>3.0</windpower>  
    <weather>阴</weather>  
    <cityname>江北</cityname>  
    <temperature>12.0</temperature> 
  </option>  
  <option> 
    <windpower>4.0</windpower>  
    <weather>雨</weather>  
    <cityname>杭湾</cityname>  
    <temperature>13.0</temperature> 
  </option>  
  <option> 
    <windpower>5.0</windpower>  
    <weather>雪</weather>  
    <cityname>镇海</cityname>  
    <temperature>14.0</temperature> 
  </option>  
  <option> 
    <windpower>6.0</windpower>  
    <weather>台风</weather>  
    <cityname>北仑</cityname>  
    <temperature>15.0</temperature> 
  </option>  
  <option> 
    <windpower>7.0</windpower>  
    <weather>雷电</weather>  
    <cityname>慈溪</cityname>  
    <temperature>16.0</temperature> 
  </option>  
  <option> 
    <windpower>8.0</windpower>  
    <weather>晴</weather>  
    <cityname>余姚</cityname>  
    <temperature>17.0</temperature> 
  </option>  
  <option> 
    <windpower>9.0</windpower>  
    <weather>多云</weather>  
    <cityname>鄞州</cityname>  
    <temperature>18.0</temperature> 
  </option>  
  <option> 
    <windpower>10.0</windpower>  
    <weather>阴</weather>  
    <cityname>奉化</cityname>  
    <temperature>19.0</temperature> 
  </option>  
  <option> 
    <windpower>11.0</windpower>  
    <weather>阴</weather>  
    <cityname>宁海</cityname>  
    <temperature>20.0</temperature> 
  </option>  
  <option> 
    <windpower>12.0</windpower>  
    <weather>雪</weather>  
    <cityname>象山</cityname>  
    <temperature>21.0</temperature> 
  </option> 
</options>
