[{
        "years": "2007",
        "value": "313.55",
        "name": "全社会电量"
    },
    {
        "years": "2008",
        "value": "367.12",
        "name": "全社会电量"
    },
    {
        "years": "2009",
        "value": "384.94",
        "name": "全社会电量"
    },
    {
        "years": "2010",
        "value": "400.26",
        "name": "全社会电量"
    },
    {
        "years": "2011",
        "value": "459.04",
        "name": "全社会电量"
    },
    {
        "years": "2012",
        "value": "505.30",
        "name": "全社会电量"
    },
    {
        "years": "2013",
        "value": "514.09",
        "name": "全社会电量"
    },
    {
        "years": "2014",
        "value": "559.39",
        "name": "全社会电量"
    },
    {
        "years": "2015",
        "value": "576.78",
        "name": "全社会电量"
    },
    {
        "years": "2016",
        "value": "585.07",
        "name": "全社会电量"
    },
    {
        "years": "2007",
        "value": "710.51",
        "name": "统调负荷"
    },
    {
        "years": "2008",
        "value": "780.13",
        "name": "统调负荷"
    },
    {
        "years": "2009",
        "value": "820.55",
        "name": "统调负荷"
    },
    {
        "years": "2010",
        "value": "867.78",
        "name": "统调负荷"
    },
    {
        "years": "2011",
        "value": "900.55",
        "name": "统调负荷"
    },
    {
        "years": "2012",
        "value": "950.45",
        "name": "统调负荷"
    },
    {
        "years": "2013",
        "value": "987.67",
        "name": "统调负荷"
    },
    {
        "years": "2014",
        "value": "1003.33",
        "name": "统调负荷"
    },
    {
        "years": "2015",
        "value": "1034.39",
        "name": "统调负荷"
    },
    {
        "years": "2016",
        "value": "1041.58",
        "name": "统调负荷"
    }
]