[{
        "name": "当前宁波总负荷",
        "value": "300.75"
    },
    {
        "name": "当前全县总负荷",
        "value": "313.35"
    },
    {
        "name": "当前最高总负荷",
        "value": "123.51"
    },
    {
        "name": "宁波同期总负荷",
        "value": "90.52"
    },
    {
        "name": "发生时间",
        "value": "09:46"
    },
    {
        "name": "昨日全县最高负荷",
        "value": "60.59"
    },
    {
        "name": "最高发生时间",
        "value": "9:35"
    },
    {
        "name": "昨日网供最高",
        "value": "562.15"
    },
    {
        "name": "最高发生时间",
        "value": "9:28"
    }
]