[{ "cdh": "304001601", "cdz": "70.19", "name": "跃龙街道" },
    { "cdh": "304001601", "cdz": "65.78", "name": "桃源街道" },
    { "cdh": "304001603", "cdz": "57.89", "name": "梅林街道" },
    { "cdh": "304001604", "cdz": "45.36", "name": "桥头胡街道" },
    { "cdh": "304001605", "cdz": "56.99", "name": "长街镇" },
    { "cdh": "304001606", "cdz": "37.67", "name": "力洋镇" },
    { "cdh": "304001607", "cdz": "30.96", "name": "一市镇" },
    { "cdh": "304001608", "cdz": "28.89", "name": "前童镇" },
    { "cdh": "304001609", "cdz": "26.47", "name": "桑洲镇" },
    { "cdh": "304001610", "cdz": "27.78", "name": "黄坛镇" },
    { "cdh": "304001611", "cdz": "18.91", "name": "强蛟镇" },
    { "cdh": "304001612", "cdz": "59.67", "name": "西店镇" },
    { "cdh": "304001606", "cdz": "23.56", "name": "深甽镇" },
    { "cdh": "304001607", "cdz": "29.56", "name": "岔路镇" },
    { "cdh": "304001608", "cdz": "23.11", "name": "大佳何镇" },
    { "cdh": "304001609", "cdz": "16.86", "name": "胡陈乡" },
    { "cdh": "304001610", "cdz": "13.56", "name": "茶院乡" },
    { "cdh": "304001611", "cdz": "14.57", "name": "越溪乡" }
]