[{
        "time": "2017-11-10 00:05:00.000",
        "cdh": "304001309",
        "cdz": "10.171",
        "name": "西店镇"
    },
    {
        "time": "2017-11-10 00:10:00.000",
        "cdh": "304001309",
        "cdz": "11.171",
        "name": "西店镇"
    },
    {
        "time": "2017-11-10 00:15:00.000",
        "cdh": "304001309",
        "cdz": "12.171",
        "name": "西店镇"
    },
    {
        "time": "2017-11-10 00:20:00.000",
        "cdh": "304001309",
        "cdz": "10.171",
        "name": "西店镇"
    },
    {
        "time": "2017-11-10 00:25:00.000",
        "cdh": "304001309",
        "cdz": "13.171",
        "name": "西店镇"
    },
    {
        "time": "2017-11-10 00:30:00.000",
        "cdh": "304001309",
        "cdz": "12.171",
        "name": "西店镇"
    },
    {
        "time": "2017-11-10 00:35:00.000",
        "cdh": "304001309",
        "cdz": "15.171",
        "name": "西店镇"
    },
    {
        "time": "2017-11-10 00:40:00.000",
        "cdh": "304001309",
        "cdz": "13.171",
        "name": "西店镇"
    },
    {
        "time": "2017-11-10 00:45:00.000",
        "cdh": "304001309",
        "cdz": "17.171",
        "name": "西店镇"
    },
    {
        "time": "2017-11-10 00:50:00.000",
        "cdh": "304001309",
        "cdz": "20.171",
        "name": "西店镇"
    },
    {
        "time": "2017-11-10 00:55:00.000",
        "cdh": "304001309",
        "cdz": "21.171",
        "name": "西店镇"
    },
    {
        "time": "2017-11-10 01:00:00.000",
        "cdh": "304001309",
        "cdz": "22.171",
        "name": "西店镇"
    },
    {
        "time": "2017-11-10 01:05:00.000",
        "cdh": "304001309",
        "cdz": "25.171",
        "name": "西店镇"
    },
    {
        "time": "2017-11-10 01:10:00.000",
        "cdh": "304001309",
        "cdz": "23.171",
        "name": "西店镇"
    },
    {
        "time": "2017-11-10 01:15:00.000",
        "cdh": "304001309",
        "cdz": "26.171",
        "name": "西店镇"
    },
    {
        "time": "2017-11-10 01:20:00.000",
        "cdh": "304001309",
        "cdz": "25.171",
        "name": "西店镇"
    },
    {
        "time": "2017-11-10 01:25:00.000",
        "cdh": "304001309",
        "cdz": "28.171",
        "name": "西店镇"
    },
    {
        "time": "2017-11-10 01:30:00.000",
        "cdh": "304001309",
        "cdz": "24.171",
        "name": "西店镇"
    },
    {
        "time": "2017-11-10 01:35:00.000",
        "cdh": "304001309",
        "cdz": "27.171",
        "name": "西店镇"
    },
    {
        "time": "2017-11-10 01:40:00.000",
        "cdh": "304001309",
        "cdz": "23.171",
        "name": "西店镇"
    },
    {
        "time": "2017-11-10 01:45:00.000",
        "cdh": "304001309",
        "cdz": "20.171",
        "name": "西店镇"
    },
    {
        "time": "2017-11-10 01:50:00.000",
        "cdh": "304001309",
        "cdz": "19.171",
        "name": "西店镇"
    },
    {
        "time": "2017-11-10 01:55:00.000",
        "cdh": "304001309",
        "cdz": "23.171",
        "name": "西店镇"
    },
    {
        "time": "2017-11-10 02:00:00.000",
        "cdh": "304001309",
        "cdz": "22.171",
        "name": "西店镇"
    },
    {
        "time": "2017-11-10 02:05:00.000",
        "cdh": "304001309",
        "cdz": "24.171",
        "name": "西店镇"
    },
    {
        "time": "2017-11-10 02:10:00.000",
        "cdh": "304001309",
        "cdz": "21.171",
        "name": "西店镇"
    },
    {
        "time": "2017-11-10 02:15:00.000",
        "cdh": "304001309",
        "cdz": "25.171",
        "name": "西店镇"
    },
    {
        "time": "2017-11-10 02:20:00.000",
        "cdh": "304001309",
        "cdz": "28.171",
        "name": "西店镇"
    },
    {
        "time": "2017-11-10 02:25:00.000",
        "cdh": "304001309",
        "cdz": "30.171",
        "name": "西店镇"
    },
    {
        "time": "2017-11-10 02:30:00.000",
        "cdh": "304001309",
        "cdz": "31.171",
        "name": "西店镇"
    },
    {
        "time": "2017-11-10 02:35:00.000",
        "cdh": "304001309",
        "cdz": "32.171",
        "name": "西店镇"
    },
    {
        "time": "2017-11-10 02:40:00.000",
        "cdh": "304001309",
        "cdz": "30.171",
        "name": "西店镇"
    },
    {
        "time": "2017-11-10 02:45:00.000",
        "cdh": "304001309",
        "cdz": "31.171",
        "name": "西店镇"
    },
    {
        "time": "2017-11-10 02:50:00.000",
        "cdh": "304001309",
        "cdz": "29.171",
        "name": "西店镇"
    },
    {
        "time": "2017-11-10 02:55:00.000",
        "cdh": "304001309",
        "cdz": "33.171",
        "name": "西店镇"
    },
    {
        "time": "2017-11-10 03:00:00.000",
        "cdh": "304001309",
        "cdz": "32.171",
        "name": "西店镇"
    },
    {
        "time": "2017-11-10 03:05:00.000",
        "cdh": "304001309",
        "cdz": "35.171",
        "name": "西店镇"
    },
    {
        "time": "2017-11-10 03:10:00.000",
        "cdh": "304001309",
        "cdz": "34.171",
        "name": "西店镇"
    },
    {
        "time": "2017-11-10 03:15:00.000",
        "cdh": "304001309",
        "cdz": "36.171",
        "name": "西店镇"
    },
    {
        "time": "2017-11-10 03:20:00.000",
        "cdh": "304001309",
        "cdz": "38.171",
        "name": "西店镇"
    },
    {
        "time": "2017-11-10 03:25:00.000",
        "cdh": "304001309",
        "cdz": "35.171",
        "name": "西店镇"
    },
    {
        "time": "2017-11-10 03:30:00.000",
        "cdh": "304001309",
        "cdz": "37.171",
        "name": "西店镇"
    },
    {
        "time": "2017-11-10 03:35:00.000",
        "cdh": "304001309",
        "cdz": "40.171",
        "name": "西店镇"
    },
    {
        "time": "2017-11-10 03:40:00.000",
        "cdh": "304001309",
        "cdz": "38.171",
        "name": "西店镇"
    },
    {
        "time": "2017-11-10 03:45:00.000",
        "cdh": "304001309",
        "cdz": "37.171",
        "name": "西店镇"
    },
    {
        "time": "2017-11-10 03:50:00.000",
        "cdh": "304001309",
        "cdz": "38.171",
        "name": "西店镇"
    },
    {
        "time": "2017-11-10 03:55:00.000",
        "cdh": "304001309",
        "cdz": "35.171",
        "name": "西店镇"
    },
    {
        "time": "2017-11-10 04:00:00.000",
        "cdh": "304001309",
        "cdz": "39.171",
        "name": "西店镇"
    },
    {
        "time": "2017-11-10 04:05:00.000",
        "cdh": "304001309",
        "cdz": "36.171",
        "name": "西店镇"
    },
    {
        "time": "2017-11-10 04:10:00.000",
        "cdh": "304001309",
        "cdz": "39.171",
        "name": "西店镇"
    },
    {
        "time": "2017-11-10 04:15:00.000",
        "cdh": "304001309",
        "cdz": "41.171",
        "name": "西店镇"
    },
    {
        "time": "2017-11-10 04:20:00.000",
        "cdh": "304001309",
        "cdz": "42.171",
        "name": "西店镇"
    },
    {
        "time": "2017-11-10 04:25:00.000",
        "cdh": "304001309",
        "cdz": "40.171",
        "name": "西店镇"
    },
    {
        "time": "2017-11-10 04:30:00.000",
        "cdh": "304001309",
        "cdz": "39.171",
        "name": "西店镇"
    },
    {
        "time": "2017-11-10 04:35:00.000",
        "cdh": "304001309",
        "cdz": "40.171",
        "name": "西店镇"
    },
    {
        "time": "2017-11-10 04:40:00.000",
        "cdh": "304001309",
        "cdz": "42.171",
        "name": "西店镇"
    },
    {
        "time": "2017-11-10 04:45:00.000",
        "cdh": "304001309",
        "cdz": "45.171",
        "name": "西店镇"
    },
    {
        "time": "2017-11-10 04:50:00.000",
        "cdh": "304001309",
        "cdz": "48.171",
        "name": "西店镇"
    },
    {
        "time": "2017-11-10 04:55:00.000",
        "cdh": "304001309",
        "cdz": "46.171",
        "name": "西店镇"
    },
    {
        "time": "2017-11-10 05:00:00.000",
        "cdh": "304001309",
        "cdz": "50.171",
        "name": "西店镇"
    },
    {
        "time": "2017-11-10 05:05:00.000",
        "cdh": "304001309",
        "cdz": "51.171",
        "name": "西店镇"
    },
    {
        "time": "2017-11-10 05:10:00.000",
        "cdh": "304001309",
        "cdz": "48.171",
        "name": "西店镇"
    },
    {
        "time": "2017-11-10 05:15:00.000",
        "cdh": "304001309",
        "cdz": "49.171",
        "name": "西店镇"
    },
    {
        "time": "2017-11-10 05:20:00.000",
        "cdh": "304001309",
        "cdz": "52.171",
        "name": "西店镇"
    },
    {
        "time": "2017-11-10 05:25:00.000",
        "cdh": "304001309",
        "cdz": "50.171",
        "name": "西店镇"
    },
    {
        "time": "2017-11-10 05:30:00.000",
        "cdh": "304001309",
        "cdz": "51.171",
        "name": "西店镇"
    },
    {
        "time": "2017-11-10 05:35:00.000",
        "cdh": "304001309",
        "cdz": "54.171",
        "name": "西店镇"
    },
    {
        "time": "2017-11-10 05:40:00.000",
        "cdh": "304001309",
        "cdz": "55.171",
        "name": "西店镇"
    },
    {
        "time": "2017-11-10 05:45:00.000",
        "cdh": "304001309",
        "cdz": "58.171",
        "name": "西店镇"
    },
    {
        "time": "2017-11-10 05:50:00.000",
        "cdh": "304001309",
        "cdz": "60.171",
        "name": "西店镇"
    },
    {
        "time": "2017-11-10 05:55:00.000",
        "cdh": "304001309",
        "cdz": "59.171",
        "name": "西店镇"
    },
    {
        "time": "2017-11-10 06:00:00.000",
        "cdh": "304001309",
        "cdz": "62.171",
        "name": "西店镇"
    },
    {
        "time": "2017-11-10 00:05:00.000",
        "cdh": "304001310",
        "cdz": "7.171",
        "name": "一市镇"
    },
    {
        "time": "2017-11-10 00:10:00.000",
        "cdh": "304001310",
        "cdz": "8.171",
        "name": "一市镇"
    },
    {
        "time": "2017-11-10 00:15:00.000",
        "cdh": "304001310",
        "cdz": "10.171",
        "name": "一市镇"
    },
    {
        "time": "2017-11-10 00:20:00.000",
        "cdh": "304001310",
        "cdz": "7.171",
        "name": "一市镇"
    },
    {
        "time": "2017-11-10 00:25:00.000",
        "cdh": "304001310",
        "cdz": "9.171",
        "name": "一市镇"
    },
    {
        "time": "2017-11-10 00:30:00.000",
        "cdh": "304001310",
        "cdz": "8.171",
        "name": "一市镇"
    },
    {
        "time": "2017-11-10 00:35:00.000",
        "cdh": "304001310",
        "cdz": "10.171",
        "name": "一市镇"
    },
    {
        "time": "2017-11-10 00:40:00.000",
        "cdh": "304001310",
        "cdz": "10.171",
        "name": "一市镇"
    },
    {
        "time": "2017-11-10 00:45:00.000",
        "cdh": "304001310",
        "cdz": "14.171",
        "name": "一市镇"
    },
    {
        "time": "2017-11-10 00:50:00.000",
        "cdh": "304001310",
        "cdz": "17.171",
        "name": "一市镇"
    },
    {
        "time": "2017-11-10 00:55:00.000",
        "cdh": "304001310",
        "cdz": "18.171",
        "name": "一市镇"
    },
    {
        "time": "2017-11-10 01:00:00.000",
        "cdh": "304001310",
        "cdz": "19.171",
        "name": "一市镇"
    },
    {
        "time": "2017-11-10 01:05:00.000",
        "cdh": "304001310",
        "cdz": "22.171",
        "name": "一市镇"
    },
    {
        "time": "2017-11-10 01:10:00.000",
        "cdh": "304001310",
        "cdz": "20.171",
        "name": "一市镇"
    },
    {
        "time": "2017-11-10 01:15:00.000",
        "cdh": "304001310",
        "cdz": "23.171",
        "name": "一市镇"
    },
    {
        "time": "2017-11-10 01:20:00.000",
        "cdh": "304001310",
        "cdz": "22.171",
        "name": "一市镇"
    },
    {
        "time": "2017-11-10 01:25:00.000",
        "cdh": "304001310",
        "cdz": "25.171",
        "name": "一市镇"
    },
    {
        "time": "2017-11-10 01:30:00.000",
        "cdh": "304001310",
        "cdz": "21.171",
        "name": "一市镇"
    },
    {
        "time": "2017-11-10 01:35:00.000",
        "cdh": "304001310",
        "cdz": "24.171",
        "name": "一市镇"
    },
    {
        "time": "2017-11-10 01:40:00.000",
        "cdh": "304001310",
        "cdz": "20.171",
        "name": "一市镇"
    },
    {
        "time": "2017-11-10 01:45:00.000",
        "cdh": "304001310",
        "cdz": "29.171",
        "name": "一市镇"
    },
    {
        "time": "2017-11-10 01:50:00.000",
        "cdh": "304001310",
        "cdz": "16.171",
        "name": "一市镇"
    },
    {
        "time": "2017-11-10 01:55:00.000",
        "cdh": "304001310",
        "cdz": "20.171",
        "name": "一市镇"
    },
    {
        "time": "2017-11-10 02:00:00.000",
        "cdh": "304001310",
        "cdz": "19.171",
        "name": "一市镇"
    },
    {
        "time": "2017-11-10 02:05:00.000",
        "cdh": "304001310",
        "cdz": "23.171",
        "name": "一市镇"
    },
    {
        "time": "2017-11-10 02:10:00.000",
        "cdh": "304001310",
        "cdz": "18.171",
        "name": "一市镇"
    },
    {
        "time": "2017-11-10 02:15:00.000",
        "cdh": "304001310",
        "cdz": "22.171",
        "name": "一市镇"
    },
    {
        "time": "2017-11-10 02:20:00.000",
        "cdh": "304001310",
        "cdz": "25.171",
        "name": "一市镇"
    },
    {
        "time": "2017-11-10 02:25:00.000",
        "cdh": "304001310",
        "cdz": "27.171",
        "name": "一市镇"
    },
    {
        "time": "2017-11-10 02:30:00.000",
        "cdh": "304001310",
        "cdz": "28.171",
        "name": "一市镇"
    },
    {
        "time": "2017-11-10 02:35:00.000",
        "cdh": "304001310",
        "cdz": "29.171",
        "name": "一市镇"
    },
    {
        "time": "2017-11-10 02:40:00.000",
        "cdh": "304001310",
        "cdz": "27.171",
        "name": "一市镇"
    },
    {
        "time": "2017-11-10 02:45:00.000",
        "cdh": "304001310",
        "cdz": "28.171",
        "name": "一市镇"
    },
    {
        "time": "2017-11-10 02:50:00.000",
        "cdh": "304001310",
        "cdz": "26.171",
        "name": "一市镇"
    },
    {
        "time": "2017-11-10 02:55:00.000",
        "cdh": "304001310",
        "cdz": "30.171",
        "name": "一市镇"
    },
    {
        "time": "2017-11-10 03:00:00.000",
        "cdh": "304001310",
        "cdz": "29.171",
        "name": "一市镇"
    },
    {
        "time": "2017-11-10 03:05:00.000",
        "cdh": "304001310",
        "cdz": "33.171",
        "name": "一市镇"
    },
    {
        "time": "2017-11-10 03:10:00.000",
        "cdh": "304001310",
        "cdz": "32.171",
        "name": "一市镇"
    },
    {
        "time": "2017-11-10 03:15:00.000",
        "cdh": "304001310",
        "cdz": "33.171",
        "name": "一市镇"
    },
    {
        "time": "2017-11-10 03:20:00.000",
        "cdh": "304001310",
        "cdz": "35.171",
        "name": "一市镇"
    },
    {
        "time": "2017-11-10 03:25:00.000",
        "cdh": "304001310",
        "cdz": "32.171",
        "name": "一市镇"
    },
    {
        "time": "2017-11-10 03:30:00.000",
        "cdh": "304001310",
        "cdz": "34.171",
        "name": "一市镇"
    },
    {
        "time": "2017-11-10 03:35:00.000",
        "cdh": "304001310",
        "cdz": "37.171",
        "name": "一市镇"
    },
    {
        "time": "2017-11-10 03:40:00.000",
        "cdh": "304001310",
        "cdz": "35.171",
        "name": "一市镇"
    },
    {
        "time": "2017-11-10 03:45:00.000",
        "cdh": "304001310",
        "cdz": "34.171",
        "name": "一市镇"
    },
    {
        "time": "2017-11-10 03:50:00.000",
        "cdh": "304001310",
        "cdz": "35.171",
        "name": "一市镇"
    },
    {
        "time": "2017-11-10 03:55:00.000",
        "cdh": "304001310",
        "cdz": "32.171",
        "name": "一市镇"
    },
    {
        "time": "2017-11-10 04:00:00.000",
        "cdh": "304001310",
        "cdz": "36.171",
        "name": "一市镇"
    },
    {
        "time": "2017-11-10 04:05:00.000",
        "cdh": "304001310",
        "cdz": "33.171",
        "name": "一市镇"
    },
    {
        "time": "2017-11-10 04:10:00.000",
        "cdh": "304001310",
        "cdz": "36.171",
        "name": "一市镇"
    },
    {
        "time": "2017-11-10 04:15:00.000",
        "cdh": "304001310",
        "cdz": "38.171",
        "name": "一市镇"
    },
    {
        "time": "2017-11-10 04:20:00.000",
        "cdh": "304001310",
        "cdz": "39.171",
        "name": "一市镇"
    },
    {
        "time": "2017-11-10 04:25:00.000",
        "cdh": "304001310",
        "cdz": "37.171",
        "name": "一市镇"
    },
    {
        "time": "2017-11-10 04:30:00.000",
        "cdh": "304001310",
        "cdz": "36.171",
        "name": "一市镇"
    },
    {
        "time": "2017-11-10 04:35:00.000",
        "cdh": "304001310",
        "cdz": "37.171",
        "name": "一市镇"
    },
    {
        "time": "2017-11-10 04:40:00.000",
        "cdh": "304001310",
        "cdz": "39.171",
        "name": "一市镇"
    },
    {
        "time": "2017-11-10 04:45:00.000",
        "cdh": "304001310",
        "cdz": "42.171",
        "name": "一市镇"
    },
    {
        "time": "2017-11-10 04:50:00.000",
        "cdh": "304001310",
        "cdz": "45.171",
        "name": "一市镇"
    },
    {
        "time": "2017-11-10 04:55:00.000",
        "cdh": "304001310",
        "cdz": "43.171",
        "name": "一市镇"
    },
    {
        "time": "2017-11-10 05:00:00.000",
        "cdh": "304001310",
        "cdz": "47.171",
        "name": "一市镇"
    },
    {
        "time": "2017-11-10 05:05:00.000",
        "cdh": "304001310",
        "cdz": "48.171",
        "name": "一市镇"
    },
    {
        "time": "2017-11-10 05:10:00.000",
        "cdh": "304001310",
        "cdz": "45.171",
        "name": "一市镇"
    },
    {
        "time": "2017-11-10 05:15:00.000",
        "cdh": "304001310",
        "cdz": "42.171",
        "name": "一市镇"
    },
    {
        "time": "2017-11-10 05:20:00.000",
        "cdh": "304001310",
        "cdz": "48.171",
        "name": "一市镇"
    },
    {
        "time": "2017-11-10 05:25:00.000",
        "cdh": "304001310",
        "cdz": "49.171",
        "name": "一市镇"
    },
    {
        "time": "2017-11-10 05:30:00.000",
        "cdh": "304001310",
        "cdz": "48.171",
        "name": "一市镇"
    },
    {
        "time": "2017-11-10 05:35:00.000",
        "cdh": "304001310",
        "cdz": "51.171",
        "name": "一市镇"
    },
    {
        "time": "2017-11-10 05:40:00.000",
        "cdh": "304001310",
        "cdz": "52.171",
        "name": "一市镇"
    },
    {
        "time": "2017-11-10 05:45:00.000",
        "cdh": "304001310",
        "cdz": "55.171",
        "name": "一市镇"
    },
    {
        "time": "2017-11-10 05:50:00.000",
        "cdh": "304001310",
        "cdz": "57.171",
        "name": "一市镇"
    },
    {
        "time": "2017-11-10 05:55:00.000",
        "cdh": "304001310",
        "cdz": "56.171",
        "name": "一市镇"
    },
    {
        "time": "2017-11-10 06:00:00.000",
        "cdh": "304001310",
        "cdz": "59.171",
        "name": "一市镇"
    },
    {
        "time": "2017-11-10 00:05:00.000",
        "cdh": "304001311",
        "cdz": "5.171",
        "name": "前童镇"
    },
    {
        "time": "2017-11-10 00:10:00.000",
        "cdh": "304001311",
        "cdz": "6.171",
        "name": "前童镇"
    },
    {
        "time": "2017-11-10 00:15:00.000",
        "cdh": "304001311",
        "cdz": "8.171",
        "name": "前童镇"
    },
    {
        "time": "2017-11-10 00:20:00.000",
        "cdh": "304001311",
        "cdz": "5.171",
        "name": "前童镇"
    },
    {
        "time": "2017-11-10 00:25:00.000",
        "cdh": "304001311",
        "cdz": "6.171",
        "name": "前童镇"
    },
    {
        "time": "2017-11-10 00:30:00.000",
        "cdh": "304001311",
        "cdz": "5.171",
        "name": "前童镇"
    },
    {
        "time": "2017-11-10 00:35:00.000",
        "cdh": "304001311",
        "cdz": "8.171",
        "name": "前童镇"
    },
    {
        "time": "2017-11-10 00:40:00.000",
        "cdh": "304001311",
        "cdz": "8.171",
        "name": "前童镇"
    },
    {
        "time": "2017-11-10 00:45:00.000",
        "cdh": "304001311",
        "cdz": "12.171",
        "name": "前童镇"
    },
    {
        "time": "2017-11-10 00:50:00.000",
        "cdh": "304001311",
        "cdz": "15.171",
        "name": "前童镇"
    },
    {
        "time": "2017-11-10 00:55:00.000",
        "cdh": "304001311",
        "cdz": "16.171",
        "name": "前童镇"
    },
    {
        "time": "2017-11-10 01:00:00.000",
        "cdh": "304001311",
        "cdz": "17.171",
        "name": "前童镇"
    },
    {
        "time": "2017-11-10 01:05:00.000",
        "cdh": "304001311",
        "cdz": "20.171",
        "name": "前童镇"
    },
    {
        "time": "2017-11-10 01:10:00.000",
        "cdh": "304001311",
        "cdz": "18.171",
        "name": "前童镇"
    },
    {
        "time": "2017-11-10 01:15:00.000",
        "cdh": "304001311",
        "cdz": "16.171",
        "name": "前童镇"
    },
    {
        "time": "2017-11-10 01:20:00.000",
        "cdh": "304001311",
        "cdz": "20.171",
        "name": "前童镇"
    },
    {
        "time": "2017-11-10 01:25:00.000",
        "cdh": "304001311",
        "cdz": "23.171",
        "name": "前童镇"
    },
    {
        "time": "2017-11-10 01:30:00.000",
        "cdh": "304001311",
        "cdz": "18.171",
        "name": "前童镇"
    },
    {
        "time": "2017-11-10 01:35:00.000",
        "cdh": "304001311",
        "cdz": "22.171",
        "name": "前童镇"
    },
    {
        "time": "2017-11-10 01:40:00.000",
        "cdh": "304001311",
        "cdz": "18.171",
        "name": "前童镇"
    },
    {
        "time": "2017-11-10 01:45:00.000",
        "cdh": "304001311",
        "cdz": "17.171",
        "name": "前童镇"
    },
    {
        "time": "2017-11-10 01:50:00.000",
        "cdh": "304001311",
        "cdz": "14.171",
        "name": "前童镇"
    },
    {
        "time": "2017-11-10 01:55:00.000",
        "cdh": "304001311",
        "cdz": "18.171",
        "name": "前童镇"
    },
    {
        "time": "2017-11-10 02:00:00.000",
        "cdh": "304001311",
        "cdz": "17.171",
        "name": "前童镇"
    },
    {
        "time": "2017-11-10 02:05:00.000",
        "cdh": "304001311",
        "cdz": "22.171",
        "name": "前童镇"
    },
    {
        "time": "2017-11-10 02:10:00.000",
        "cdh": "304001311",
        "cdz": "16.171",
        "name": "前童镇"
    },
    {
        "time": "2017-11-10 02:15:00.000",
        "cdh": "304001311",
        "cdz": "20.171",
        "name": "前童镇"
    },
    {
        "time": "2017-11-10 02:20:00.000",
        "cdh": "304001311",
        "cdz": "23.171",
        "name": "前童镇"
    },
    {
        "time": "2017-11-10 02:25:00.000",
        "cdh": "304001311",
        "cdz": "25.171",
        "name": "前童镇"
    },
    {
        "time": "2017-11-10 02:30:00.000",
        "cdh": "304001311",
        "cdz": "26.171",
        "name": "前童镇"
    },
    {
        "time": "2017-11-10 02:35:00.000",
        "cdh": "304001311",
        "cdz": "27.171",
        "name": "前童镇"
    },
    {
        "time": "2017-11-10 02:40:00.000",
        "cdh": "304001311",
        "cdz": "25.171",
        "name": "前童镇"
    },
    {
        "time": "2017-11-10 02:45:00.000",
        "cdh": "304001311",
        "cdz": "26.171",
        "name": "前童镇"
    },
    {
        "time": "2017-11-10 02:50:00.000",
        "cdh": "304001311",
        "cdz": "24.171",
        "name": "前童镇"
    },
    {
        "time": "2017-11-10 02:55:00.000",
        "cdh": "304001311",
        "cdz": "28.171",
        "name": "前童镇"
    },
    {
        "time": "2017-11-10 03:00:00.000",
        "cdh": "304001311",
        "cdz": "27.171",
        "name": "前童镇"
    },
    {
        "time": "2017-11-10 03:05:00.000",
        "cdh": "304001311",
        "cdz": "32.171",
        "name": "前童镇"
    },
    {
        "time": "2017-11-10 03:10:00.000",
        "cdh": "304001311",
        "cdz": "30.171",
        "name": "前童镇"
    },
    {
        "time": "2017-11-10 03:15:00.000",
        "cdh": "304001311",
        "cdz": "31.171",
        "name": "前童镇"
    },
    {
        "time": "2017-11-10 03:20:00.000",
        "cdh": "304001311",
        "cdz": "33.171",
        "name": "前童镇"
    },
    {
        "time": "2017-11-10 03:25:00.000",
        "cdh": "304001311",
        "cdz": "30.171",
        "name": "前童镇"
    },
    {
        "time": "2017-11-10 03:30:00.000",
        "cdh": "304001311",
        "cdz": "32.171",
        "name": "前童镇"
    },
    {
        "time": "2017-11-10 03:35:00.000",
        "cdh": "304001311",
        "cdz": "35.171",
        "name": "前童镇"
    },
    {
        "time": "2017-11-10 03:40:00.000",
        "cdh": "304001311",
        "cdz": "33.171",
        "name": "前童镇"
    },
    {
        "time": "2017-11-10 03:45:00.000",
        "cdh": "304001311",
        "cdz": "32.171",
        "name": "前童镇"
    },
    {
        "time": "2017-11-10 03:50:00.000",
        "cdh": "304001311",
        "cdz": "33.171",
        "name": "前童镇"
    },
    {
        "time": "2017-11-10 03:55:00.000",
        "cdh": "304001311",
        "cdz": "30.171",
        "name": "前童镇"
    },
    {
        "time": "2017-11-10 04:00:00.000",
        "cdh": "304001311",
        "cdz": "34.171",
        "name": "前童镇"
    },
    {
        "time": "2017-11-10 04:05:00.000",
        "cdh": "304001311",
        "cdz": "31.171",
        "name": "前童镇"
    },
    {
        "time": "2017-11-10 04:10:00.000",
        "cdh": "304001311",
        "cdz": "34.171",
        "name": "前童镇"
    },
    {
        "time": "2017-11-10 04:15:00.000",
        "cdh": "304001311",
        "cdz": "36.171",
        "name": "前童镇"
    },
    {
        "time": "2017-11-10 04:20:00.000",
        "cdh": "304001311",
        "cdz": "37.171",
        "name": "前童镇"
    },
    {
        "time": "2017-11-10 04:25:00.000",
        "cdh": "304001311",
        "cdz": "35.171",
        "name": "前童镇"
    },
    {
        "time": "2017-11-10 04:30:00.000",
        "cdh": "304001311",
        "cdz": "34.171",
        "name": "前童镇"
    },
    {
        "time": "2017-11-10 04:35:00.000",
        "cdh": "304001311",
        "cdz": "35.171",
        "name": "前童镇"
    },
    {
        "time": "2017-11-10 04:40:00.000",
        "cdh": "304001311",
        "cdz": "37.171",
        "name": "前童镇"
    },
    {
        "time": "2017-11-10 04:45:00.000",
        "cdh": "304001311",
        "cdz": "40.171",
        "name": "前童镇"
    },
    {
        "time": "2017-11-10 04:50:00.000",
        "cdh": "304001311",
        "cdz": "43.171",
        "name": "前童镇"
    },
    {
        "time": "2017-11-10 04:55:00.000",
        "cdh": "304001311",
        "cdz": "41.171",
        "name": "前童镇"
    },
    {
        "time": "2017-11-10 05:00:00.000",
        "cdh": "304001311",
        "cdz": "45.171",
        "name": "前童镇"
    },
    {
        "time": "2017-11-10 05:05:00.000",
        "cdh": "304001311",
        "cdz": "46.171",
        "name": "前童镇"
    },
    {
        "time": "2017-11-10 05:10:00.000",
        "cdh": "304001311",
        "cdz": "43.171",
        "name": "前童镇"
    },
    {
        "time": "2017-11-10 05:15:00.000",
        "cdh": "304001311",
        "cdz": "40.171",
        "name": "前童镇"
    },
    {
        "time": "2017-11-10 05:20:00.000",
        "cdh": "304001311",
        "cdz": "46.171",
        "name": "前童镇"
    },
    {
        "time": "2017-11-10 05:25:00.000",
        "cdh": "304001311",
        "cdz": "47.171",
        "name": "前童镇"
    },
    {
        "time": "2017-11-10 05:30:00.000",
        "cdh": "304001311",
        "cdz": "46.171",
        "name": "前童镇"
    },
    {
        "time": "2017-11-10 05:35:00.000",
        "cdh": "304001311",
        "cdz": "48.171",
        "name": "前童镇"
    },
    {
        "time": "2017-11-10 05:40:00.000",
        "cdh": "304001311",
        "cdz": "50.171",
        "name": "前童镇"
    },
    {
        "time": "2017-11-10 05:45:00.000",
        "cdh": "304001311",
        "cdz": "53.171",
        "name": "前童镇"
    },
    {
        "time": "2017-11-10 05:50:00.000",
        "cdh": "304001311",
        "cdz": "55.171",
        "name": "前童镇"
    },
    {
        "time": "2017-11-10 05:55:00.000",
        "cdh": "304001311",
        "cdz": "54.171",
        "name": "前童镇"
    },
    {
        "time": "2017-11-10 06:00:00.000",
        "cdh": "304001311",
        "cdz": "57.171",
        "name": "前童镇"
    },
    {
        "time": "2017-11-10 00:05:00.000",
        "cdh": "304001312",
        "cdz": "15.171",
        "name": "跃龙街道"
    },
    {
        "time": "2017-11-10 00:10:00.000",
        "cdh": "304001312",
        "cdz": "16.171",
        "name": "跃龙街道"
    },
    {
        "time": "2017-11-10 00:15:00.000",
        "cdh": "304001312",
        "cdz": "18.171",
        "name": "跃龙街道"
    },
    {
        "time": "2017-11-10 00:20:00.000",
        "cdh": "304001312",
        "cdz": "15.171",
        "name": "跃龙街道"
    },
    {
        "time": "2017-11-10 00:25:00.000",
        "cdh": "304001312",
        "cdz": "16.171",
        "name": "跃龙街道"
    },
    {
        "time": "2017-11-10 00:30:00.000",
        "cdh": "304001312",
        "cdz": "15.171",
        "name": "跃龙街道"
    },
    {
        "time": "2017-11-10 00:35:00.000",
        "cdh": "304001312",
        "cdz": "18.171",
        "name": "跃龙街道"
    },
    {
        "time": "2017-11-10 00:40:00.000",
        "cdh": "304001312",
        "cdz": "18.171",
        "name": "跃龙街道"
    },
    {
        "time": "2017-11-10 00:45:00.000",
        "cdh": "304001312",
        "cdz": "22.171",
        "name": "跃龙街道"
    },
    {
        "time": "2017-11-10 00:50:00.000",
        "cdh": "304001312",
        "cdz": "25.171",
        "name": "跃龙街道"
    },
    {
        "time": "2017-11-10 00:55:00.000",
        "cdh": "304001312",
        "cdz": "26.171",
        "name": "跃龙街道"
    },
    {
        "time": "2017-11-10 01:00:00.000",
        "cdh": "304001312",
        "cdz": "27.171",
        "name": "跃龙街道"
    },
    {
        "time": "2017-11-10 01:05:00.000",
        "cdh": "304001312",
        "cdz": "30.171",
        "name": "跃龙街道"
    },
    {
        "time": "2017-11-10 01:10:00.000",
        "cdh": "304001312",
        "cdz": "28.171",
        "name": "跃龙街道"
    },
    {
        "time": "2017-11-10 01:15:00.000",
        "cdh": "304001312",
        "cdz": "26.171",
        "name": "跃龙街道"
    },
    {
        "time": "2017-11-10 01:20:00.000",
        "cdh": "304001312",
        "cdz": "30.171",
        "name": "跃龙街道"
    },
    {
        "time": "2017-11-10 01:25:00.000",
        "cdh": "304001312",
        "cdz": "33.171",
        "name": "跃龙街道"
    },
    {
        "time": "2017-11-10 01:30:00.000",
        "cdh": "304001312",
        "cdz": "28.171",
        "name": "跃龙街道"
    },
    {
        "time": "2017-11-10 01:35:00.000",
        "cdh": "304001312",
        "cdz": "32.171",
        "name": "跃龙街道"
    },
    {
        "time": "2017-11-10 01:40:00.000",
        "cdh": "304001312",
        "cdz": "28.171",
        "name": "跃龙街道"
    },
    {
        "time": "2017-11-10 01:45:00.000",
        "cdh": "304001312",
        "cdz": "27.171",
        "name": "跃龙街道"
    },
    {
        "time": "2017-11-10 01:50:00.000",
        "cdh": "304001312",
        "cdz": "24.171",
        "name": "跃龙街道"
    },
    {
        "time": "2017-11-10 01:55:00.000",
        "cdh": "304001312",
        "cdz": "28.171",
        "name": "跃龙街道"
    },
    {
        "time": "2017-11-10 02:00:00.000",
        "cdh": "304001312",
        "cdz": "27.171",
        "name": "跃龙街道"
    },
    {
        "time": "2017-11-10 02:05:00.000",
        "cdh": "304001312",
        "cdz": "32.171",
        "name": "跃龙街道"
    },
    {
        "time": "2017-11-10 02:10:00.000",
        "cdh": "304001312",
        "cdz": "26.171",
        "name": "跃龙街道"
    },
    {
        "time": "2017-11-10 02:15:00.000",
        "cdh": "304001312",
        "cdz": "30.171",
        "name": "跃龙街道"
    },
    {
        "time": "2017-11-10 02:20:00.000",
        "cdh": "304001312",
        "cdz": "33.171",
        "name": "跃龙街道"
    },
    {
        "time": "2017-11-10 02:25:00.000",
        "cdh": "304001312",
        "cdz": "35.171",
        "name": "跃龙街道"
    },
    {
        "time": "2017-11-10 02:30:00.000",
        "cdh": "304001312",
        "cdz": "36.171",
        "name": "跃龙街道"
    },
    {
        "time": "2017-11-10 02:35:00.000",
        "cdh": "304001312",
        "cdz": "37.171",
        "name": "跃龙街道"
    },
    {
        "time": "2017-11-10 02:40:00.000",
        "cdh": "304001312",
        "cdz": "35.171",
        "name": "跃龙街道"
    },
    {
        "time": "2017-11-10 02:45:00.000",
        "cdh": "304001312",
        "cdz": "36.171",
        "name": "跃龙街道"
    },
    {
        "time": "2017-11-10 02:50:00.000",
        "cdh": "304001312",
        "cdz": "34.171",
        "name": "跃龙街道"
    },
    {
        "time": "2017-11-10 02:55:00.000",
        "cdh": "304001312",
        "cdz": "38.171",
        "name": "跃龙街道"
    },
    {
        "time": "2017-11-10 03:00:00.000",
        "cdh": "304001312",
        "cdz": "37.171",
        "name": "跃龙街道"
    },
    {
        "time": "2017-11-10 03:05:00.000",
        "cdh": "304001312",
        "cdz": "42.171",
        "name": "跃龙街道"
    },
    {
        "time": "2017-11-10 03:10:00.000",
        "cdh": "304001312",
        "cdz": "40.171",
        "name": "跃龙街道"
    },
    {
        "time": "2017-11-10 03:15:00.000",
        "cdh": "304001312",
        "cdz": "41.171",
        "name": "跃龙街道"
    },
    {
        "time": "2017-11-10 03:20:00.000",
        "cdh": "304001312",
        "cdz": "43.171",
        "name": "跃龙街道"
    },
    {
        "time": "2017-11-10 03:25:00.000",
        "cdh": "304001312",
        "cdz": "40.171",
        "name": "跃龙街道"
    },
    {
        "time": "2017-11-10 03:30:00.000",
        "cdh": "304001312",
        "cdz": "42.171",
        "name": "跃龙街道"
    },
    {
        "time": "2017-11-10 03:35:00.000",
        "cdh": "304001312",
        "cdz": "45.171",
        "name": "跃龙街道"
    },
    {
        "time": "2017-11-10 03:40:00.000",
        "cdh": "304001312",
        "cdz": "43.171",
        "name": "跃龙街道"
    },
    {
        "time": "2017-11-10 03:45:00.000",
        "cdh": "304001312",
        "cdz": "42.171",
        "name": "跃龙街道"
    },
    {
        "time": "2017-11-10 03:50:00.000",
        "cdh": "304001312",
        "cdz": "43.171",
        "name": "跃龙街道"
    },
    {
        "time": "2017-11-10 03:55:00.000",
        "cdh": "304001312",
        "cdz": "40.171",
        "name": "跃龙街道"
    },
    {
        "time": "2017-11-10 04:00:00.000",
        "cdh": "304001312",
        "cdz": "44.171",
        "name": "跃龙街道"
    },
    {
        "time": "2017-11-10 04:05:00.000",
        "cdh": "304001312",
        "cdz": "41.171",
        "name": "跃龙街道"
    },
    {
        "time": "2017-11-10 04:10:00.000",
        "cdh": "304001312",
        "cdz": "44.171",
        "name": "跃龙街道"
    },
    {
        "time": "2017-11-10 04:15:00.000",
        "cdh": "304001312",
        "cdz": "46.171",
        "name": "跃龙街道"
    },
    {
        "time": "2017-11-10 04:20:00.000",
        "cdh": "304001312",
        "cdz": "47.171",
        "name": "跃龙街道"
    },
    {
        "time": "2017-11-10 04:25:00.000",
        "cdh": "304001312",
        "cdz": "45.171",
        "name": "跃龙街道"
    },
    {
        "time": "2017-11-10 04:30:00.000",
        "cdh": "304001312",
        "cdz": "44.171",
        "name": "跃龙街道"
    },
    {
        "time": "2017-11-10 04:35:00.000",
        "cdh": "304001312",
        "cdz": "45.171",
        "name": "跃龙街道"
    },
    {
        "time": "2017-11-10 04:40:00.000",
        "cdh": "304001312",
        "cdz": "47.171",
        "name": "跃龙街道"
    },
    {
        "time": "2017-11-10 04:45:00.000",
        "cdh": "304001312",
        "cdz": "50.171",
        "name": "跃龙街道"
    },
    {
        "time": "2017-11-10 04:50:00.000",
        "cdh": "304001312",
        "cdz": "53.171",
        "name": "跃龙街道"
    },
    {
        "time": "2017-11-10 04:55:00.000",
        "cdh": "304001312",
        "cdz": "51.171",
        "name": "跃龙街道"
    },
    {
        "time": "2017-11-10 05:00:00.000",
        "cdh": "304001312",
        "cdz": "55.171",
        "name": "跃龙街道"
    },
    {
        "time": "2017-11-10 05:05:00.000",
        "cdh": "304001312",
        "cdz": "56.171",
        "name": "跃龙街道"
    },
    {
        "time": "2017-11-10 05:10:00.000",
        "cdh": "304001312",
        "cdz": "53.171",
        "name": "跃龙街道"
    },
    {
        "time": "2017-11-10 05:15:00.000",
        "cdh": "304001312",
        "cdz": "50.171",
        "name": "跃龙街道"
    },
    {
        "time": "2017-11-10 05:20:00.000",
        "cdh": "304001312",
        "cdz": "56.171",
        "name": "跃龙街道"
    },
    {
        "time": "2017-11-10 05:25:00.000",
        "cdh": "304001312",
        "cdz": "57.171",
        "name": "跃龙街道"
    },
    {
        "time": "2017-11-10 05:30:00.000",
        "cdh": "304001312",
        "cdz": "56.171",
        "name": "跃龙街道"
    },
    {
        "time": "2017-11-10 05:35:00.000",
        "cdh": "304001312",
        "cdz": "58.171",
        "name": "跃龙街道"
    },
    {
        "time": "2017-11-10 05:40:00.000",
        "cdh": "304001312",
        "cdz": "60.171",
        "name": "跃龙街道"
    },
    {
        "time": "2017-11-10 05:45:00.000",
        "cdh": "304001312",
        "cdz": "63.171",
        "name": "跃龙街道"
    },
    {
        "time": "2017-11-10 05:50:00.000",
        "cdh": "304001312",
        "cdz": "65.171",
        "name": "跃龙街道"
    },
    {
        "time": "2017-11-10 05:55:00.000",
        "cdh": "304001312",
        "cdz": "64.171",
        "name": "跃龙街道"
    },
    {
        "time": "2017-11-10 06:00:00.000",
        "cdh": "304001312",
        "cdz": "67.171",
        "name": "跃龙街道"
    },
    {
        "time": "2017-11-10 00:05:00.000",
        "cdh": "304001313",
        "cdz": "17.171",
        "name": "桃源街道"
    },
    {
        "time": "2017-11-10 00:10:00.000",
        "cdh": "304001313",
        "cdz": "18.171",
        "name": "桃源街道"
    },
    {
        "time": "2017-11-10 00:15:00.000",
        "cdh": "304001313",
        "cdz": "20.171",
        "name": "桃源街道"
    },
    {
        "time": "2017-11-10 00:20:00.000",
        "cdh": "304001313",
        "cdz": "17.171",
        "name": "桃源街道"
    },
    {
        "time": "2017-11-10 00:25:00.000",
        "cdh": "304001313",
        "cdz": "18.171",
        "name": "桃源街道"
    },
    {
        "time": "2017-11-10 00:30:00.000",
        "cdh": "304001313",
        "cdz": "17.171",
        "name": "桃源街道"
    },
    {
        "time": "2017-11-10 00:35:00.000",
        "cdh": "304001313",
        "cdz": "20.171",
        "name": "桃源街道"
    },
    {
        "time": "2017-11-10 00:40:00.000",
        "cdh": "304001313",
        "cdz": "16.171",
        "name": "桃源街道"
    },
    {
        "time": "2017-11-10 00:45:00.000",
        "cdh": "304001313",
        "cdz": "20.171",
        "name": "桃源街道"
    },
    {
        "time": "2017-11-10 00:50:00.000",
        "cdh": "304001313",
        "cdz": "27.171",
        "name": "桃源街道"
    },
    {
        "time": "2017-11-10 00:55:00.000",
        "cdh": "304001313",
        "cdz": "28.171",
        "name": "桃源街道"
    },
    {
        "time": "2017-11-10 01:00:00.000",
        "cdh": "304001313",
        "cdz": "29.171",
        "name": "桃源街道"
    },
    {
        "time": "2017-11-10 01:05:00.000",
        "cdh": "304001313",
        "cdz": "32.171",
        "name": "桃源街道"
    },
    {
        "time": "2017-11-10 01:10:00.000",
        "cdh": "304001313",
        "cdz": "30.171",
        "name": "桃源街道"
    },
    {
        "time": "2017-11-10 01:15:00.000",
        "cdh": "304001313",
        "cdz": "28.171",
        "name": "桃源街道"
    },
    {
        "time": "2017-11-10 01:20:00.000",
        "cdh": "304001313",
        "cdz": "28.171",
        "name": "桃源街道"
    },
    {
        "time": "2017-11-10 01:25:00.000",
        "cdh": "304001313",
        "cdz": "31.171",
        "name": "桃源街道"
    },
    {
        "time": "2017-11-10 01:30:00.000",
        "cdh": "304001313",
        "cdz": "26.171",
        "name": "桃源街道"
    },
    {
        "time": "2017-11-10 01:35:00.000",
        "cdh": "304001313",
        "cdz": "34.171",
        "name": "桃源街道"
    },
    {
        "time": "2017-11-10 01:40:00.000",
        "cdh": "304001313",
        "cdz": "30.171",
        "name": "桃源街道"
    },
    {
        "time": "2017-11-10 01:45:00.000",
        "cdh": "304001313",
        "cdz": "27.171",
        "name": "桃源街道"
    },
    {
        "time": "2017-11-10 01:50:00.000",
        "cdh": "304001313",
        "cdz": "26.171",
        "name": "桃源街道"
    },
    {
        "time": "2017-11-10 01:55:00.000",
        "cdh": "304001313",
        "cdz": "30.171",
        "name": "桃源街道"
    },
    {
        "time": "2017-11-10 02:00:00.000",
        "cdh": "304001313",
        "cdz": "29.171",
        "name": "桃源街道"
    },
    {
        "time": "2017-11-10 02:05:00.000",
        "cdh": "304001313",
        "cdz": "30.171",
        "name": "桃源街道"
    },
    {
        "time": "2017-11-10 02:10:00.000",
        "cdh": "304001313",
        "cdz": "28.171",
        "name": "桃源街道"
    },
    {
        "time": "2017-11-10 02:15:00.000",
        "cdh": "304001313",
        "cdz": "32.171",
        "name": "桃源街道"
    },
    {
        "time": "2017-11-10 02:20:00.000",
        "cdh": "304001313",
        "cdz": "35.171",
        "name": "桃源街道"
    },
    {
        "time": "2017-11-10 02:25:00.000",
        "cdh": "304001313",
        "cdz": "37.171",
        "name": "桃源街道"
    },
    {
        "time": "2017-11-10 02:30:00.000",
        "cdh": "304001313",
        "cdz": "38.171",
        "name": "桃源街道"
    },
    {
        "time": "2017-11-10 02:35:00.000",
        "cdh": "304001313",
        "cdz": "39.171",
        "name": "桃源街道"
    },
    {
        "time": "2017-11-10 02:40:00.000",
        "cdh": "304001313",
        "cdz": "37.171",
        "name": "桃源街道"
    },
    {
        "time": "2017-11-10 02:45:00.000",
        "cdh": "304001313",
        "cdz": "38.171",
        "name": "桃源街道"
    },
    {
        "time": "2017-11-10 02:50:00.000",
        "cdh": "304001313",
        "cdz": "36.171",
        "name": "桃源街道"
    },
    {
        "time": "2017-11-10 02:55:00.000",
        "cdh": "304001313",
        "cdz": "40.171",
        "name": "桃源街道"
    },
    {
        "time": "2017-11-10 03:00:00.000",
        "cdh": "304001313",
        "cdz": "39.171",
        "name": "桃源街道"
    },
    {
        "time": "2017-11-10 03:05:00.000",
        "cdh": "304001313",
        "cdz": "44.171",
        "name": "桃源街道"
    },
    {
        "time": "2017-11-10 03:10:00.000",
        "cdh": "304001313",
        "cdz": "42.171",
        "name": "桃源街道"
    },
    {
        "time": "2017-11-10 03:15:00.000",
        "cdh": "304001313",
        "cdz": "43.171",
        "name": "桃源街道"
    },
    {
        "time": "2017-11-10 03:20:00.000",
        "cdh": "304001313",
        "cdz": "45.171",
        "name": "桃源街道"
    },
    {
        "time": "2017-11-10 03:25:00.000",
        "cdh": "304001313",
        "cdz": "42.171",
        "name": "桃源街道"
    },
    {
        "time": "2017-11-10 03:30:00.000",
        "cdh": "304001313",
        "cdz": "44.171",
        "name": "桃源街道"
    },
    {
        "time": "2017-11-10 03:35:00.000",
        "cdh": "304001313",
        "cdz": "47.171",
        "name": "桃源街道"
    },
    {
        "time": "2017-11-10 03:40:00.000",
        "cdh": "304001313",
        "cdz": "45.171",
        "name": "桃源街道"
    },
    {
        "time": "2017-11-10 03:45:00.000",
        "cdh": "304001313",
        "cdz": "44.171",
        "name": "桃源街道"
    },
    {
        "time": "2017-11-10 03:50:00.000",
        "cdh": "304001313",
        "cdz": "45.171",
        "name": "桃源街道"
    },
    {
        "time": "2017-11-10 03:55:00.000",
        "cdh": "304001313",
        "cdz": "42.171",
        "name": "桃源街道"
    },
    {
        "time": "2017-11-10 04:00:00.000",
        "cdh": "304001313",
        "cdz": "46.171",
        "name": "桃源街道"
    },
    {
        "time": "2017-11-10 04:05:00.000",
        "cdh": "304001313",
        "cdz": "43.171",
        "name": "桃源街道"
    },
    {
        "time": "2017-11-10 04:10:00.000",
        "cdh": "304001313",
        "cdz": "46.171",
        "name": "桃源街道"
    },
    {
        "time": "2017-11-10 04:15:00.000",
        "cdh": "304001313",
        "cdz": "48.171",
        "name": "桃源街道"
    },
    {
        "time": "2017-11-10 04:20:00.000",
        "cdh": "304001313",
        "cdz": "49.171",
        "name": "桃源街道"
    },
    {
        "time": "2017-11-10 04:25:00.000",
        "cdh": "304001313",
        "cdz": "47.171",
        "name": "桃源街道"
    },
    {
        "time": "2017-11-10 04:30:00.000",
        "cdh": "304001313",
        "cdz": "46.171",
        "name": "桃源街道"
    },
    {
        "time": "2017-11-10 04:35:00.000",
        "cdh": "304001313",
        "cdz": "47.171",
        "name": "桃源街道"
    },
    {
        "time": "2017-11-10 04:40:00.000",
        "cdh": "304001313",
        "cdz": "49.171",
        "name": "桃源街道"
    },
    {
        "time": "2017-11-10 04:45:00.000",
        "cdh": "304001313",
        "cdz": "52.171",
        "name": "桃源街道"
    },
    {
        "time": "2017-11-10 04:50:00.000",
        "cdh": "304001313",
        "cdz": "55.171",
        "name": "桃源街道"
    },
    {
        "time": "2017-11-10 04:55:00.000",
        "cdh": "304001313",
        "cdz": "52.171",
        "name": "桃源街道"
    },
    {
        "time": "2017-11-10 05:00:00.000",
        "cdh": "304001313",
        "cdz": "58.171",
        "name": "桃源街道"
    },
    {
        "time": "2017-11-10 05:05:00.000",
        "cdh": "304001313",
        "cdz": "59.171",
        "name": "桃源街道"
    },
    {
        "time": "2017-11-10 05:10:00.000",
        "cdh": "304001313",
        "cdz": "56.171",
        "name": "桃源街道"
    },
    {
        "time": "2017-11-10 05:15:00.000",
        "cdh": "304001313",
        "cdz": "52.171",
        "name": "桃源街道"
    },
    {
        "time": "2017-11-10 05:20:00.000",
        "cdh": "304001313",
        "cdz": "58.171",
        "name": "桃源街道"
    },
    {
        "time": "2017-11-10 05:25:00.000",
        "cdh": "304001313",
        "cdz": "59.171",
        "name": "桃源街道"
    },
    {
        "time": "2017-11-10 05:30:00.000",
        "cdh": "304001313",
        "cdz": "58.171",
        "name": "桃源街道"
    },
    {
        "time": "2017-11-10 05:35:00.000",
        "cdh": "304001313",
        "cdz": "60.171",
        "name": "桃源街道"
    },
    {
        "time": "2017-11-10 05:40:00.000",
        "cdh": "304001313",
        "cdz": "62.171",
        "name": "桃源街道"
    },
    {
        "time": "2017-11-10 05:45:00.000",
        "cdh": "304001313",
        "cdz": "65.171",
        "name": "桃源街道"
    },
    {
        "time": "2017-11-10 05:50:00.000",
        "cdh": "304001313",
        "cdz": "67.171",
        "name": "桃源街道"
    },
    {
        "time": "2017-11-10 05:55:00.000",
        "cdh": "304001313",
        "cdz": "66.171",
        "name": "桃源街道"
    },
    {
        "time": "2017-11-10 06:00:00.000",
        "cdh": "304001313",
        "cdz": "69.171",
        "name": "桃源街道"
    },
    {
        "time": "2017-11-10 00:05:00.000",
        "cdh": "304001314",
        "cdz": "13.171",
        "name": "力洋镇"
    },
    {
        "time": "2017-11-10 00:10:00.000",
        "cdh": "304001314",
        "cdz": "14.171",
        "name": "力洋镇"
    },
    {
        "time": "2017-11-10 00:15:00.000",
        "cdh": "304001314",
        "cdz": "15.171",
        "name": "力洋镇"
    },
    {
        "time": "2017-11-10 00:20:00.000",
        "cdh": "304001314",
        "cdz": "13.171",
        "name": "力洋镇"
    },
    {
        "time": "2017-11-10 00:25:00.000",
        "cdh": "304001314",
        "cdz": "16.171",
        "name": "力洋镇"
    },
    {
        "time": "2017-11-10 00:30:00.000",
        "cdh": "304001314",
        "cdz": "15.171",
        "name": "力洋镇"
    },
    {
        "time": "2017-11-10 00:35:00.000",
        "cdh": "304001314",
        "cdz": "18.171",
        "name": "力洋镇"
    },
    {
        "time": "2017-11-10 00:40:00.000",
        "cdh": "304001314",
        "cdz": "16.171",
        "name": "力洋镇"
    },
    {
        "time": "2017-11-10 00:45:00.000",
        "cdh": "304001314",
        "cdz": "20.171",
        "name": "力洋镇"
    },
    {
        "time": "2017-11-10 00:50:00.000",
        "cdh": "304001314",
        "cdz": "23.171",
        "name": "力洋镇"
    },
    {
        "time": "2017-11-10 00:55:00.000",
        "cdh": "304001314",
        "cdz": "24.171",
        "name": "力洋镇"
    },
    {
        "time": "2017-11-10 01:00:00.000",
        "cdh": "304001314",
        "cdz": "22.171",
        "name": "力洋镇"
    },
    {
        "time": "2017-11-10 01:05:00.000",
        "cdh": "304001314",
        "cdz": "28.171",
        "name": "力洋镇"
    },
    {
        "time": "2017-11-10 01:10:00.000",
        "cdh": "304001314",
        "cdz": "26.171",
        "name": "力洋镇"
    },
    {
        "time": "2017-11-10 01:15:00.000",
        "cdh": "304001314",
        "cdz": "28.171",
        "name": "力洋镇"
    },
    {
        "time": "2017-11-10 01:20:00.000",
        "cdh": "304001314",
        "cdz": "29.171",
        "name": "力洋镇"
    },
    {
        "time": "2017-11-10 01:25:00.000",
        "cdh": "304001314",
        "cdz": "31.171",
        "name": "力洋镇"
    },
    {
        "time": "2017-11-10 01:30:00.000",
        "cdh": "304001314",
        "cdz": "27.171",
        "name": "力洋镇"
    },
    {
        "time": "2017-11-10 01:35:00.000",
        "cdh": "304001314",
        "cdz": "30.171",
        "name": "力洋镇"
    },
    {
        "time": "2017-11-10 01:40:00.000",
        "cdh": "304001314",
        "cdz": "26.171",
        "name": "力洋镇"
    },
    {
        "time": "2017-11-10 01:45:00.000",
        "cdh": "304001314",
        "cdz": "24.171",
        "name": "力洋镇"
    },
    {
        "time": "2017-11-10 01:50:00.000",
        "cdh": "304001314",
        "cdz": "23.171",
        "name": "力洋镇"
    },
    {
        "time": "2017-11-10 01:55:00.000",
        "cdh": "304001314",
        "cdz": "26.171",
        "name": "力洋镇"
    },
    {
        "time": "2017-11-10 02:00:00.000",
        "cdh": "304001314",
        "cdz": "25.171",
        "name": "力洋镇"
    },
    {
        "time": "2017-11-10 02:05:00.000",
        "cdh": "304001314",
        "cdz": "27.171",
        "name": "力洋镇"
    },
    {
        "time": "2017-11-10 02:10:00.000",
        "cdh": "304001314",
        "cdz": "24.171",
        "name": "力洋镇"
    },
    {
        "time": "2017-11-10 02:15:00.000",
        "cdh": "304001314",
        "cdz": "28.171",
        "name": "力洋镇"
    },
    {
        "time": "2017-11-10 02:20:00.000",
        "cdh": "304001314",
        "cdz": "31.171",
        "name": "力洋镇"
    },
    {
        "time": "2017-11-10 02:25:00.000",
        "cdh": "304001314",
        "cdz": "32.171",
        "name": "力洋镇"
    },
    {
        "time": "2017-11-10 02:30:00.000",
        "cdh": "304001314",
        "cdz": "34.171",
        "name": "力洋镇"
    },
    {
        "time": "2017-11-10 02:35:00.000",
        "cdh": "304001314",
        "cdz": "35.171",
        "name": "力洋镇"
    },
    {
        "time": "2017-11-10 02:40:00.000",
        "cdh": "304001314",
        "cdz": "33.171",
        "name": "力洋镇"
    },
    {
        "time": "2017-11-10 02:45:00.000",
        "cdh": "304001314",
        "cdz": "34.171",
        "name": "力洋镇"
    },
    {
        "time": "2017-11-10 02:50:00.000",
        "cdh": "304001314",
        "cdz": "33.171",
        "name": "力洋镇"
    },
    {
        "time": "2017-11-10 02:55:00.000",
        "cdh": "304001314",
        "cdz": "36.171",
        "name": "力洋镇"
    },
    {
        "time": "2017-11-10 03:00:00.000",
        "cdh": "304001314",
        "cdz": "35.171",
        "name": "力洋镇"
    },
    {
        "time": "2017-11-10 03:05:00.000",
        "cdh": "304001314",
        "cdz": "38.171",
        "name": "力洋镇"
    },
    {
        "time": "2017-11-10 03:10:00.000",
        "cdh": "304001314",
        "cdz": "37.171",
        "name": "力洋镇"
    },
    {
        "time": "2017-11-10 03:15:00.000",
        "cdh": "304001314",
        "cdz": "39.171",
        "name": "力洋镇"
    },
    {
        "time": "2017-11-10 03:20:00.000",
        "cdh": "304001314",
        "cdz": "41.171",
        "name": "力洋镇"
    },
    {
        "time": "2017-11-10 03:25:00.000",
        "cdh": "304001314",
        "cdz": "44.171",
        "name": "力洋镇"
    },
    {
        "time": "2017-11-10 03:30:00.000",
        "cdh": "304001314",
        "cdz": "40.171",
        "name": "力洋镇"
    },
    {
        "time": "2017-11-10 03:35:00.000",
        "cdh": "304001314",
        "cdz": "43.171",
        "name": "力洋镇"
    },
    {
        "time": "2017-11-10 03:40:00.000",
        "cdh": "304001314",
        "cdz": "41.171",
        "name": "力洋镇"
    },
    {
        "time": "2017-11-10 03:45:00.000",
        "cdh": "304001314",
        "cdz": "40.171",
        "name": "力洋镇"
    },
    {
        "time": "2017-11-10 03:50:00.000",
        "cdh": "304001314",
        "cdz": "41.171",
        "name": "力洋镇"
    },
    {
        "time": "2017-11-10 03:55:00.000",
        "cdh": "304001314",
        "cdz": "38.171",
        "name": "力洋镇"
    },
    {
        "time": "2017-11-10 04:00:00.000",
        "cdh": "304001314",
        "cdz": "42.171",
        "name": "力洋镇"
    },
    {
        "time": "2017-11-10 04:05:00.000",
        "cdh": "304001314",
        "cdz": "39.171",
        "name": "力洋镇"
    },
    {
        "time": "2017-11-10 04:10:00.000",
        "cdh": "304001314",
        "cdz": "42.171",
        "name": "力洋镇"
    },
    {
        "time": "2017-11-10 04:15:00.000",
        "cdh": "304001314",
        "cdz": "44.171",
        "name": "力洋镇"
    },
    {
        "time": "2017-11-10 04:20:00.000",
        "cdh": "304001314",
        "cdz": "45.171",
        "name": "力洋镇"
    },
    {
        "time": "2017-11-10 04:25:00.000",
        "cdh": "304001314",
        "cdz": "43.171",
        "name": "力洋镇"
    },
    {
        "time": "2017-11-10 04:30:00.000",
        "cdh": "304001314",
        "cdz": "42.171",
        "name": "力洋镇"
    },
    {
        "time": "2017-11-10 04:35:00.000",
        "cdh": "304001314",
        "cdz": "43.171",
        "name": "力洋镇"
    },
    {
        "time": "2017-11-10 04:40:00.000",
        "cdh": "304001314",
        "cdz": "45.171",
        "name": "力洋镇"
    },
    {
        "time": "2017-11-10 04:45:00.000",
        "cdh": "304001314",
        "cdz": "48.171",
        "name": "力洋镇"
    },
    {
        "time": "2017-11-10 04:50:00.000",
        "cdh": "304001314",
        "cdz": "51.171",
        "name": "力洋镇"
    },
    {
        "time": "2017-11-10 04:55:00.000",
        "cdh": "304001314",
        "cdz": "54.171",
        "name": "力洋镇"
    },
    {
        "time": "2017-11-10 05:00:00.000",
        "cdh": "304001314",
        "cdz": "57.171",
        "name": "力洋镇"
    },
    {
        "time": "2017-11-10 05:05:00.000",
        "cdh": "304001314",
        "cdz": "60.171",
        "name": "力洋镇"
    },
    {
        "time": "2017-11-10 05:10:00.000",
        "cdh": "304001314",
        "cdz": "63.171",
        "name": "力洋镇"
    },
    {
        "time": "2017-11-10 05:15:00.000",
        "cdh": "304001314",
        "cdz": "52.171",
        "name": "力洋镇"
    },
    {
        "time": "2017-11-10 05:20:00.000",
        "cdh": "304001314",
        "cdz": "55.171",
        "name": "力洋镇"
    },
    {
        "time": "2017-11-10 05:25:00.000",
        "cdh": "304001314",
        "cdz": "53.171",
        "name": "力洋镇"
    },
    {
        "time": "2017-11-10 05:30:00.000",
        "cdh": "304001314",
        "cdz": "54.171",
        "name": "力洋镇"
    },
    {
        "time": "2017-11-10 05:35:00.000",
        "cdh": "304001314",
        "cdz": "57.171",
        "name": "力洋镇"
    },
    {
        "time": "2017-11-10 05:40:00.000",
        "cdh": "304001314",
        "cdz": "58.171",
        "name": "力洋镇"
    },
    {
        "time": "2017-11-10 05:45:00.000",
        "cdh": "304001314",
        "cdz": "61.171",
        "name": "力洋镇"
    },
    {
        "time": "2017-11-10 05:50:00.000",
        "cdh": "304001314",
        "cdz": "63.171",
        "name": "力洋镇"
    },
    {
        "time": "2017-11-10 05:55:00.000",
        "cdh": "304001314",
        "cdz": "62.171",
        "name": "力洋镇"
    },
    {
        "time": "2017-11-10 06:00:00.000",
        "cdh": "304001314",
        "cdz": "65.171",
        "name": "力洋镇"
    }
]