[{
        "time": "2017-11-10 00:05:00.000",
        "cdh": "304001305",
        "cdz": "80.171",
        "name": "全县总有功"
    },
    {
        "time": "2017-11-10 00:10:00.000",
        "cdh": "304001305",
        "cdz": "83.171",
        "name": "全县总有功"
    },
    {
        "time": "2017-11-10 00:15:00.000",
        "cdh": "304001305",
        "cdz": "84.171",
        "name": "全县总有功"
    },
    {
        "time": "2017-11-10 00:20:00.000",
        "cdh": "304001305",
        "cdz": "83.171",
        "name": "全县总有功"
    },
    {
        "time": "2017-11-10 00:25:00.000",
        "cdh": "304001305",
        "cdz": "86.171",
        "name": "全县总有功"
    },
    {
        "time": "2017-11-10 00:30:00.000",
        "cdh": "304001305",
        "cdz": "79.171",
        "name": "全县总有功"
    },
    {
        "time": "2017-11-10 00:35:00.000",
        "cdh": "304001305",
        "cdz": "76.171",
        "name": "全县总有功"
    },
    {
        "time": "2017-11-10 00:40:00.000",
        "cdh": "304001305",
        "cdz": "88.171",
        "name": "全县总有功"
    },
    {
        "time": "2017-11-10 00:45:00.000",
        "cdh": "304001305",
        "cdz": "87.171",
        "name": "全县总有功"
    },
    {
        "time": "2017-11-10 00:50:00.000",
        "cdh": "304001305",
        "cdz": "89.171",
        "name": "全县总有功"
    },
    {
        "time": "2017-11-10 00:55:00.000",
        "cdh": "304001305",
        "cdz": "90.171",
        "name": "全县总有功"
    },
    {
        "time": "2017-11-10 01:00:00.000",
        "cdh": "304001305",
        "cdz": "93.171",
        "name": "全县总有功"
    },
    {
        "time": "2017-11-10 01:05:00.000",
        "cdh": "304001305",
        "cdz": "101.171",
        "name": "全县总有功"
    },
    {
        "time": "2017-11-10 01:10:00.000",
        "cdh": "304001305",
        "cdz": "103.171",
        "name": "全县总有功"
    },
    {
        "time": "2017-11-10 01:15:00.000",
        "cdh": "304001305",
        "cdz": "105.171",
        "name": "全县总有功"
    },
    {
        "time": "2017-11-10 01:20:00.000",
        "cdh": "304001305",
        "cdz": "101.171",
        "name": "全县总有功"
    },
    {
        "time": "2017-11-10 01:25:00.000",
        "cdh": "304001305",
        "cdz": "108.171",
        "name": "全县总有功"
    },
    {
        "time": "2017-11-10 01:30:00.000",
        "cdh": "304001305",
        "cdz": "109.171",
        "name": "全县总有功"
    },
    {
        "time": "2017-11-10 01:35:00.000",
        "cdh": "304001305",
        "cdz": "113.171",
        "name": "全县总有功"
    },
    {
        "time": "2017-11-10 01:40:00.000",
        "cdh": "304001305",
        "cdz": "123.171",
        "name": "全县总有功"
    },
    {
        "time": "2017-11-10 01:45:00.000",
        "cdh": "304001305",
        "cdz": "135.171",
        "name": "全县总有功"
    },
    {
        "time": "2017-11-10 01:50:00.000",
        "cdh": "304001305",
        "cdz": "120.171",
        "name": "全县总有功"
    },
    {
        "time": "2017-11-10 01:55:00.000",
        "cdh": "304001305",
        "cdz": "110.171",
        "name": "全县总有功"
    },
    {
        "time": "2017-11-10 02:00:00.000",
        "cdh": "304001305",
        "cdz": "115.171",
        "name": "全县总有功"
    },
    {
        "time": "2017-11-10 02:05:00.000",
        "cdh": "304001305",
        "cdz": "131.171",
        "name": "全县总有功"
    },
    {
        "time": "2017-11-10 02:10:00.000",
        "cdh": "304001305",
        "cdz": "112.171",
        "name": "全县总有功"
    },
    {
        "time": "2017-11-10 02:15:00.000",
        "cdh": "304001305",
        "cdz": "134.171",
        "name": "全县总有功"
    },
    {
        "time": "2017-11-10 02:20:00.000",
        "cdh": "304001305",
        "cdz": "128.171",
        "name": "全县总有功"
    },
    {
        "time": "2017-11-10 02:25:00.000",
        "cdh": "304001305",
        "cdz": "137.171",
        "name": "全县总有功"
    },
    {
        "time": "2017-11-10 02:30:00.000",
        "cdh": "304001305",
        "cdz": "112.171",
        "name": "全县总有功"
    },
    {
        "time": "2017-11-10 02:35:00.000",
        "cdh": "304001305",
        "cdz": "110.171",
        "name": "全县总有功"
    },
    {
        "time": "2017-11-10 02:40:00.000",
        "cdh": "304001305",
        "cdz": "108.171",
        "name": "全县总有功"
    },
    {
        "time": "2017-11-10 02:45:00.000",
        "cdh": "304001305",
        "cdz": "90.171",
        "name": "全县总有功"
    },
    {
        "time": "2017-11-10 02:50:00.000",
        "cdh": "304001305",
        "cdz": "127.171",
        "name": "全县总有功"
    },
    {
        "time": "2017-11-10 02:55:00.000",
        "cdh": "304001305",
        "cdz": "134.171",
        "name": "全县总有功"
    },
    {
        "time": "2017-11-10 03:00:00.000",
        "cdh": "304001305",
        "cdz": "149.171",
        "name": "全县总有功"
    },
    {
        "time": "2017-11-10 03:05:00.000",
        "cdh": "304001305",
        "cdz": "150.171",
        "name": "全县总有功"
    },
    {
        "time": "2017-11-10 03:10:00.000",
        "cdh": "304001305",
        "cdz": "153.171",
        "name": "全县总有功"
    },
    {
        "time": "2017-11-10 03:15:00.000",
        "cdh": "304001305",
        "cdz": "156.171",
        "name": "全县总有功"
    },
    {
        "time": "2017-11-10 03:20:00.000",
        "cdh": "304001305",
        "cdz": "140.171",
        "name": "全县总有功"
    },
    {
        "time": "2017-11-10 03:25:00.000",
        "cdh": "304001305",
        "cdz": "245.171",
        "name": "全县总有功"
    },
    {
        "time": "2017-11-10 03:30:00.000",
        "cdh": "304001305",
        "cdz": "136.171",
        "name": "全县总有功"
    },
    {
        "time": "2017-11-10 03:35:00.000",
        "cdh": "304001305",
        "cdz": "148.171",
        "name": "全县总有功"
    },
    {
        "time": "2017-11-10 03:40:00.000",
        "cdh": "304001305",
        "cdz": "158.171",
        "name": "全县总有功"
    },
    {
        "time": "2017-11-10 03:45:00.000",
        "cdh": "304001305",
        "cdz": "159.171",
        "name": "全县总有功"
    },
    {
        "time": "2017-11-10 03:50:00.000",
        "cdh": "304001305",
        "cdz": "147.171",
        "name": "全县总有功"
    },
    {
        "time": "2017-11-10 03:55:00.000",
        "cdh": "304001305",
        "cdz": "150.171",
        "name": "全县总有功"
    },
    {
        "time": "2017-11-10 04:00:00.000",
        "cdh": "304001305",
        "cdz": "155.171",
        "name": "全县总有功"
    },
    {
        "time": "2017-11-10 04:05:00.000",
        "cdh": "304001305",
        "cdz": "160.171",
        "name": "全县总有功"
    },
    {
        "time": "2017-11-10 04:10:00.000",
        "cdh": "304001305",
        "cdz": "165.171",
        "name": "全县总有功"
    },
    {
        "time": "2017-11-10 04:15:00.000",
        "cdh": "304001305",
        "cdz": "163.171",
        "name": "全县总有功"
    },
    {
        "time": "2017-11-10 04:20:00.000",
        "cdh": "304001305",
        "cdz": "164.171",
        "name": "全县总有功"
    },
    {
        "time": "2017-11-10 04:25:00.000",
        "cdh": "304001305",
        "cdz": "159.171",
        "name": "全县总有功"
    },
    {
        "time": "2017-11-10 04:30:00.000",
        "cdh": "304001305",
        "cdz": "168.171",
        "name": "全县总有功"
    },
    {
        "time": "2017-11-10 04:35:00.000",
        "cdh": "304001305",
        "cdz": "170.171",
        "name": "全县总有功"
    },
    {
        "time": "2017-11-10 04:40:00.000",
        "cdh": "304001305",
        "cdz": "175.171",
        "name": "全县总有功"
    },
    {
        "time": "2017-11-10 04:45:00.000",
        "cdh": "304001305",
        "cdz": "180.171",
        "name": "全县总有功"
    },
    {
        "time": "2017-11-10 04:50:00.000",
        "cdh": "304001305",
        "cdz": "178.171",
        "name": "全县总有功"
    },
    {
        "time": "2017-11-10 04:55:00.000",
        "cdh": "304001305",
        "cdz": "175.171",
        "name": "全县总有功"
    },
    {
        "time": "2017-11-10 05:00:00.000",
        "cdh": "304001305",
        "cdz": "190.171",
        "name": "全县总有功"
    },
    {
        "time": "2017-11-10 05:05:00.000",
        "cdh": "304001305",
        "cdz": "193.171",
        "name": "全县总有功"
    },
    {
        "time": "2017-11-10 05:10:00.000",
        "cdh": "304001305",
        "cdz": "195.171",
        "name": "全县总有功"
    },
    {
        "time": "2017-11-10 05:15:00.000",
        "cdh": "304001305",
        "cdz": "197.171",
        "name": "全县总有功"
    },
    {
        "time": "2017-11-10 05:20:00.000",
        "cdh": "304001305",
        "cdz": "198.171",
        "name": "全县总有功"
    },
    {
        "time": "2017-11-10 05:25:00.000",
        "cdh": "304001305",
        "cdz": "195.171",
        "name": "全县总有功"
    },
    {
        "time": "2017-11-10 05:30:00.000",
        "cdh": "304001305",
        "cdz": "190.171",
        "name": "全县总有功"
    },
    {
        "time": "2017-11-10 05:35:00.000",
        "cdh": "304001305",
        "cdz": "197.171",
        "name": "全县总有功"
    },
    {
        "time": "2017-11-10 05:40:00.000",
        "cdh": "304001305",
        "cdz": "198.171",
        "name": "全县总有功"
    },
    {
        "time": "2017-11-10 05:45:00.000",
        "cdh": "304001305",
        "cdz": "200.171",
        "name": "全县总有功"
    },
    {
        "time": "2017-11-10 05:50:00.000",
        "cdh": "304001305",
        "cdz": "201.171",
        "name": "全县总有功"
    },
    {
        "time": "2017-11-10 05:55:00.000",
        "cdh": "304001305",
        "cdz": "204.171",
        "name": "全县总有功"
    },
    {
        "time": "2017-11-10 06:00:00.000",
        "cdh": "304001305",
        "cdz": "207.171",
        "name": "全县总有功"
    },
    {
        "time": "2017-11-10 06:05:00.000",
        "cdh": "304001305",
        "cdz": "108.171",
        "name": "全县总有功"
    },
    {
        "time": "2017-11-10 06:10:00.000",
        "cdh": "304001305",
        "cdz": "204.171",
        "name": "全县总有功"
    },
    {
        "time": "2017-11-10 06:15:00.000",
        "cdh": "304001305",
        "cdz": "201.171",
        "name": "全县总有功"
    },
    {
        "time": "2017-11-10 06:20:00.000",
        "cdh": "304001305",
        "cdz": "206.171",
        "name": "全县总有功"
    },
    {
        "time": "2017-11-10 06:25:00.000",
        "cdh": "304001305",
        "cdz": "210.171",
        "name": "全县总有功"
    },
    {
        "time": "2017-11-10 06:30:00.000",
        "cdh": "304001305",
        "cdz": "212.171",
        "name": "全县总有功"
    },
    {
        "time": "2017-11-10 06:35:00.000",
        "cdh": "304001305",
        "cdz": "123.171",
        "name": "全县总有功"
    },
    {
        "time": "2017-11-10 06:40:00.000",
        "cdh": "304001305",
        "cdz": "123.171",
        "name": "全县总有功"
    },
    {
        "time": "2017-11-10 06:45:00.000",
        "cdh": "304001305",
        "cdz": "231.171",
        "name": "全县总有功"
    },
    {
        "time": "2017-11-10 06:50:00.000",
        "cdh": "304001305",
        "cdz": "322.171",
        "name": "全县总有功"
    },
    {
        "time": "2017-11-10 06:55:00.000",
        "cdh": "304001305",
        "cdz": "312.171",
        "name": "全县总有功"
    },
    {
        "time": "2017-11-10 07:00:00.000",
        "cdh": "304001305",
        "cdz": "421.171",
        "name": "全县总有功"
    },
    {
        "time": "2017-11-10 07:05:00.000",
        "cdh": "304001305",
        "cdz": "124.171",
        "name": "全县总有功"
    },
    {
        "time": "2017-11-10 07:10:00.000",
        "cdh": "304001305",
        "cdz": "424.171",
        "name": "全县总有功"
    },
    {
        "time": "2017-11-10 07:15:00.000",
        "cdh": "304001305",
        "cdz": "124.171",
        "name": "全县总有功"
    },
    {
        "time": "2017-11-10 07:20:00.000",
        "cdh": "304001305",
        "cdz": "432.171",
        "name": "全县总有功"
    },
    {
        "time": "2017-11-10 07:25:00.000",
        "cdh": "304001305",
        "cdz": "412.171",
        "name": "全县总有功"
    },
    {
        "time": "2017-11-10 07:30:00.000",
        "cdh": "304001305",
        "cdz": "334.171",
        "name": "全县总有功"
    },
    {
        "time": "2017-11-10 07:35:00.000",
        "cdh": "304001305",
        "cdz": "124.171",
        "name": "全县总有功"
    },
    {
        "time": "2017-11-10 07:40:00.000",
        "cdh": "304001305",
        "cdz": "330.171",
        "name": "全县总有功"
    },
    {
        "time": "2017-11-10 07:45:00.000",
        "cdh": "304001305",
        "cdz": "234.171",
        "name": "全县总有功"
    },
    {
        "time": "2017-11-10 07:50:00.000",
        "cdh": "304001305",
        "cdz": "243.171",
        "name": "全县总有功"
    },
    {
        "time": "2017-11-10 07:55:00.000",
        "cdh": "304001305",
        "cdz": "340.171",
        "name": "全县总有功"
    },
    {
        "time": "2017-11-10 08:00:00.000",
        "cdh": "304001305",
        "cdz": "342.171",
        "name": "全县总有功"
    },
    {
        "time": "2017-11-10 08:05:00.000",
        "cdh": "304001305",
        "cdz": "340.171",
        "name": "全县总有功"
    },
    {
        "time": "2017-11-10 08:10:00.000",
        "cdh": "304001305",
        "cdz": "345.171",
        "name": "全县总有功"
    },
    {
        "time": "2017-11-10 08:15:00.000",
        "cdh": "304001305",
        "cdz": "348.171",
        "name": "全县总有功"
    },
    {
        "time": "2017-11-10 08:20:00.000",
        "cdh": "304001305",
        "cdz": "455.171",
        "name": "全县总有功"
    },
    {
        "time": "2017-11-10 08:25:00.000",
        "cdh": "304001305",
        "cdz": "356.171",
        "name": "全县总有功"
    },
    {
        "time": "2017-11-10 08:30:00.000",
        "cdh": "304001305",
        "cdz": "360.171",
        "name": "全县总有功"
    },
    {
        "time": "2017-11-10 08:35:00.000",
        "cdh": "304001305",
        "cdz": "363.171",
        "name": "全县总有功"
    },
    {
        "time": "2017-11-10 08:40:00.000",
        "cdh": "304001305",
        "cdz": "365.171",
        "name": "全县总有功"
    },
    {
        "time": "2017-11-10 08:45:00.000",
        "cdh": "304001305",
        "cdz": "370.171",
        "name": "全县总有功"
    },
    {
        "time": "2017-11-10 08:50:00.000",
        "cdh": "304001305",
        "cdz": "372.171",
        "name": "全县总有功"
    },
    {
        "time": "2017-11-10 08:55:00.000",
        "cdh": "304001305",
        "cdz": "375.171",
        "name": "全县总有功"
    },
    {
        "time": "2017-11-10 09:00:00.000",
        "cdh": "304001305",
        "cdz": "373.171",
        "name": "全县总有功"
    },
    {
        "time": "2017-11-10 09:05:00.000",
        "cdh": "304001305",
        "cdz": "380.171",
        "name": "全县总有功"
    },
    {
        "time": "2017-11-10 09:10:00.000",
        "cdh": "304001305",
        "cdz": "386.171",
        "name": "全县总有功"
    },
    {
        "time": "2017-11-10 09:15:00.000",
        "cdh": "304001305",
        "cdz": "389.171",
        "name": "全县总有功"
    },
    {
        "time": "2017-11-10 09:20:00.000",
        "cdh": "304001305",
        "cdz": "393.171",
        "name": "全县总有功"
    },
    {
        "time": "2017-11-10 09:25:00.000",
        "cdh": "304001305",
        "cdz": "397.171",
        "name": "全县总有功"
    },
    {
        "time": "2017-11-10 09:30:00.000",
        "cdh": "304001305",
        "cdz": "400.171",
        "name": "全县总有功"
    },
    {
        "time": "2017-11-10 09:35:00.000",
        "cdh": "304001305",
        "cdz": "401.171",
        "name": "全县总有功"
    },
    {
        "time": "2017-11-10 09:40:00.000",
        "cdh": "304001305",
        "cdz": "405.171",
        "name": "全县总有功"
    },
    {
        "time": "2017-11-10 09:45:00.000",
        "cdh": "304001305",
        "cdz": "403.171",
        "name": "全县总有功"
    },
    {
        "time": "2017-11-10 09:50:00.000",
        "cdh": "304001305",
        "cdz": "408.171",
        "name": "全县总有功"
    },
    {
        "time": "2017-11-10 09:55:00.000",
        "cdh": "304001305",
        "cdz": "410.171",
        "name": "全县总有功"
    },
    {
        "time": "2017-11-10 10:00:00.000",
        "cdh": "304001305",
        "cdz": "414.171",
        "name": "全县总有功"
    },
    {
        "time": "2017-11-10 00:05:00.000",
        "cdh": "304000141",
        "cdz": "175.171",
        "name": "网供总有功"
    },
    {
        "time": "2017-11-10 00:10:00.000",
        "cdh": "304000141",
        "cdz": "178.171",
        "name": "网供总有功"
    },
    {
        "time": "2017-11-10 00:15:00.000",
        "cdh": "304000141",
        "cdz": "179.171",
        "name": "网供总有功"
    },
    {
        "time": "2017-11-10 00:20:00.000",
        "cdh": "304000141",
        "cdz": "176.171",
        "name": "网供总有功"
    },
    {
        "time": "2017-11-10 00:25:00.000",
        "cdh": "304000141",
        "cdz": "181.171",
        "name": "网供总有功"
    },
    {
        "time": "2017-11-10 00:30:00.000",
        "cdh": "304000141",
        "cdz": "175.171",
        "name": "网供总有功"
    },
    {
        "time": "2017-11-10 00:35:00.000",
        "cdh": "304000141",
        "cdz": "171.171",
        "name": "网供总有功"
    },
    {
        "time": "2017-11-10 00:40:00.000",
        "cdh": "304000141",
        "cdz": "183.171",
        "name": "网供总有功"
    },
    {
        "time": "2017-11-10 00:45:00.000",
        "cdh": "304000141",
        "cdz": "182.171",
        "name": "网供总有功"
    },
    {
        "time": "2017-11-10 00:50:00.000",
        "cdh": "304000141",
        "cdz": "183.171",
        "name": "网供总有功"
    },
    {
        "time": "2017-11-10 00:55:00.000",
        "cdh": "304000141",
        "cdz": "184.171",
        "name": "网供总有功"
    },
    {
        "time": "2017-11-10 01:00:00.000",
        "cdh": "304000141",
        "cdz": "188.171",
        "name": "网供总有功"
    },
    {
        "time": "2017-11-10 01:05:00.000",
        "cdh": "304000141",
        "cdz": "196.171",
        "name": "网供总有功"
    },
    {
        "time": "2017-11-10 01:10:00.000",
        "cdh": "304000141",
        "cdz": "197.171",
        "name": "网供总有功"
    },
    {
        "time": "2017-11-10 01:15:00.000",
        "cdh": "304000141",
        "cdz": "200.171",
        "name": "网供总有功"
    },
    {
        "time": "2017-11-10 01:20:00.000",
        "cdh": "304000141",
        "cdz": "195.171",
        "name": "网供总有功"
    },
    {
        "time": "2017-11-10 01:25:00.000",
        "cdh": "304000141",
        "cdz": "202.171",
        "name": "网供总有功"
    },
    {
        "time": "2017-11-10 01:30:00.000",
        "cdh": "304000141",
        "cdz": "204.171",
        "name": "网供总有功"
    },
    {
        "time": "2017-11-10 01:35:00.000",
        "cdh": "304000141",
        "cdz": "208.171",
        "name": "网供总有功"
    },
    {
        "time": "2017-11-10 01:40:00.000",
        "cdh": "304000141",
        "cdz": "218.171",
        "name": "网供总有功"
    },
    {
        "time": "2017-11-10 01:45:00.000",
        "cdh": "304000141",
        "cdz": "230.171",
        "name": "网供总有功"
    },
    {
        "time": "2017-11-10 01:50:00.000",
        "cdh": "304000141",
        "cdz": "215.171",
        "name": "网供总有功"
    },
    {
        "time": "2017-11-10 01:55:00.000",
        "cdh": "304000141",
        "cdz": "205.171",
        "name": "网供总有功"
    },
    {
        "time": "2017-11-10 02:00:00.000",
        "cdh": "304000141",
        "cdz": "210.171",
        "name": "网供总有功"
    },
    {
        "time": "2017-11-10 02:05:00.000",
        "cdh": "304000141",
        "cdz": "226.171",
        "name": "网供总有功"
    },
    {
        "time": "2017-11-10 02:10:00.000",
        "cdh": "304000141",
        "cdz": "207.171",
        "name": "网供总有功"
    },
    {
        "time": "2017-11-10 02:15:00.000",
        "cdh": "304000141",
        "cdz": "229.171",
        "name": "网供总有功"
    },
    {
        "time": "2017-11-10 02:20:00.000",
        "cdh": "304000141",
        "cdz": "223.171",
        "name": "网供总有功"
    },
    {
        "time": "2017-11-10 02:25:00.000",
        "cdh": "304000141",
        "cdz": "232.171",
        "name": "网供总有功"
    },
    {
        "time": "2017-11-10 02:30:00.000",
        "cdh": "304000141",
        "cdz": "207.171",
        "name": "网供总有功"
    },
    {
        "time": "2017-11-10 02:35:00.000",
        "cdh": "304000141",
        "cdz": "205.171",
        "name": "网供总有功"
    },
    {
        "time": "2017-11-10 02:40:00.000",
        "cdh": "304000141",
        "cdz": "202.171",
        "name": "网供总有功"
    },
    {
        "time": "2017-11-10 02:45:00.000",
        "cdh": "304000141",
        "cdz": "185.171",
        "name": "网供总有功"
    },
    {
        "time": "2017-11-10 02:50:00.000",
        "cdh": "304000141",
        "cdz": "222.171",
        "name": "网供总有功"
    },
    {
        "time": "2017-11-10 02:55:00.000",
        "cdh": "304000141",
        "cdz": "228.171",
        "name": "网供总有功"
    },
    {
        "time": "2017-11-10 03:00:00.000",
        "cdh": "304000141",
        "cdz": "245.171",
        "name": "网供总有功"
    },
    {
        "time": "2017-11-10 03:05:00.000",
        "cdh": "304000141",
        "cdz": "244.171",
        "name": "网供总有功"
    },
    {
        "time": "2017-11-10 03:10:00.000",
        "cdh": "304000141",
        "cdz": "248.171",
        "name": "网供总有功"
    },
    {
        "time": "2017-11-10 03:15:00.000",
        "cdh": "304000141",
        "cdz": "251.171",
        "name": "网供总有功"
    },
    {
        "time": "2017-11-10 03:20:00.000",
        "cdh": "304000141",
        "cdz": "235.171",
        "name": "网供总有功"
    },
    {
        "time": "2017-11-10 03:25:00.000",
        "cdh": "304000141",
        "cdz": "240.171",
        "name": "网供总有功"
    },
    {
        "time": "2017-11-10 03:30:00.000",
        "cdh": "304000141",
        "cdz": "231.171",
        "name": "网供总有功"
    },
    {
        "time": "2017-11-10 03:35:00.000",
        "cdh": "304000141",
        "cdz": "243.171",
        "name": "网供总有功"
    },
    {
        "time": "2017-11-10 03:40:00.000",
        "cdh": "304000141",
        "cdz": "253.171",
        "name": "网供总有功"
    },
    {
        "time": "2017-11-10 03:45:00.000",
        "cdh": "304000141",
        "cdz": "254.171",
        "name": "网供总有功"
    },
    {
        "time": "2017-11-10 03:50:00.000",
        "cdh": "304000141",
        "cdz": "240.171",
        "name": "网供总有功"
    },
    {
        "time": "2017-11-10 03:55:00.000",
        "cdh": "304000141",
        "cdz": "246.171",
        "name": "网供总有功"
    },
    {
        "time": "2017-11-10 04:00:00.000",
        "cdh": "304000141",
        "cdz": "250.171",
        "name": "网供总有功"
    },
    {
        "time": "2017-11-10 04:05:00.000",
        "cdh": "304000141",
        "cdz": "253.171",
        "name": "网供总有功"
    },
    {
        "time": "2017-11-10 04:10:00.000",
        "cdh": "304000141",
        "cdz": "260.171",
        "name": "网供总有功"
    },
    {
        "time": "2017-11-10 04:15:00.000",
        "cdh": "304000141",
        "cdz": "258.171",
        "name": "网供总有功"
    },
    {
        "time": "2017-11-10 04:20:00.000",
        "cdh": "304000141",
        "cdz": "259.171",
        "name": "网供总有功"
    },
    {
        "time": "2017-11-10 04:25:00.000",
        "cdh": "304000141",
        "cdz": "255.171",
        "name": "网供总有功"
    },
    {
        "time": "2017-11-10 04:30:00.000",
        "cdh": "304000141",
        "cdz": "263.171",
        "name": "网供总有功"
    },
    {
        "time": "2017-11-10 04:35:00.000",
        "cdh": "304000141",
        "cdz": "265.171",
        "name": "网供总有功"
    },
    {
        "time": "2017-11-10 04:40:00.000",
        "cdh": "304000141",
        "cdz": "270.171",
        "name": "网供总有功"
    },
    {
        "time": "2017-11-10 04:45:00.000",
        "cdh": "304000141",
        "cdz": "275.171",
        "name": "网供总有功"
    },
    {
        "time": "2017-11-10 04:50:00.000",
        "cdh": "304000141",
        "cdz": "273.171",
        "name": "网供总有功"
    },
    {
        "time": "2017-11-10 04:55:00.000",
        "cdh": "304000141",
        "cdz": "270.171",
        "name": "网供总有功"
    },
    {
        "time": "2017-11-10 05:00:00.000",
        "cdh": "304000141",
        "cdz": "285.171",
        "name": "网供总有功"
    },
    {
        "time": "2017-11-10 05:05:00.000",
        "cdh": "304000141",
        "cdz": "288.171",
        "name": "网供总有功"
    },
    {
        "time": "2017-11-10 05:10:00.000",
        "cdh": "304000141",
        "cdz": "290.171",
        "name": "网供总有功"
    },
    {
        "time": "2017-11-10 05:15:00.000",
        "cdh": "304000141",
        "cdz": "292.171",
        "name": "网供总有功"
    },
    {
        "time": "2017-11-10 05:20:00.000",
        "cdh": "304000141",
        "cdz": "293.171",
        "name": "网供总有功"
    },
    {
        "time": "2017-11-10 05:25:00.000",
        "cdh": "304000141",
        "cdz": "290.171",
        "name": "网供总有功"
    },
    {
        "time": "2017-11-10 05:30:00.000",
        "cdh": "304000141",
        "cdz": "285.171",
        "name": "网供总有功"
    },
    {
        "time": "2017-11-10 05:35:00.000",
        "cdh": "304000141",
        "cdz": "292.171",
        "name": "网供总有功"
    },
    {
        "time": "2017-11-10 05:40:00.000",
        "cdh": "304000141",
        "cdz": "293.171",
        "name": "网供总有功"
    },
    {
        "time": "2017-11-10 05:45:00.000",
        "cdh": "304000141",
        "cdz": "296.171",
        "name": "网供总有功"
    },
    {
        "time": "2017-11-10 05:50:00.000",
        "cdh": "304000141",
        "cdz": "297.171",
        "name": "网供总有功"
    },
    {
        "time": "2017-11-10 05:55:00.000",
        "cdh": "304000141",
        "cdz": "299.171",
        "name": "网供总有功"
    },
    {
        "time": "2017-11-10 06:00:00.000",
        "cdh": "304000141",
        "cdz": "302.171",
        "name": "网供总有功"
    },
    {
        "time": "2017-11-10 06:05:00.000",
        "cdh": "304000141",
        "cdz": "303.171",
        "name": "网供总有功"
    },
    {
        "time": "2017-11-10 06:10:00.000",
        "cdh": "304000141",
        "cdz": "299.171",
        "name": "网供总有功"
    },
    {
        "time": "2017-11-10 06:15:00.000",
        "cdh": "304000141",
        "cdz": "296.171",
        "name": "网供总有功"
    },
    {
        "time": "2017-11-10 06:20:00.000",
        "cdh": "304000141",
        "cdz": "301.171",
        "name": "网供总有功"
    },
    {
        "time": "2017-11-10 06:25:00.000",
        "cdh": "304000141",
        "cdz": "304.171",
        "name": "网供总有功"
    },
    {
        "time": "2017-11-10 06:30:00.000",
        "cdh": "304000141",
        "cdz": "307.171",
        "name": "网供总有功"
    },
    {
        "time": "2017-11-10 06:35:00.000",
        "cdh": "304000141",
        "cdz": "310.171",
        "name": "网供总有功"
    },
    {
        "time": "2017-11-10 06:40:00.000",
        "cdh": "304000141",
        "cdz": "315.171",
        "name": "网供总有功"
    },
    {
        "time": "2017-11-10 06:45:00.000",
        "cdh": "304000141",
        "cdz": "308.171",
        "name": "网供总有功"
    },
    {
        "time": "2017-11-10 06:50:00.000",
        "cdh": "304000141",
        "cdz": "298.171",
        "name": "网供总有功"
    },
    {
        "time": "2017-11-10 06:55:00.000",
        "cdh": "304000141",
        "cdz": "319.171",
        "name": "网供总有功"
    },
    {
        "time": "2017-11-10 07:00:00.000",
        "cdh": "304000141",
        "cdz": "309.171",
        "name": "网供总有功"
    },
    {
        "time": "2017-11-10 07:05:00.000",
        "cdh": "304000141",
        "cdz": "320.171",
        "name": "网供总有功"
    },
    {
        "time": "2017-11-10 07:10:00.000",
        "cdh": "304000141",
        "cdz": "315.171",
        "name": "网供总有功"
    },
    {
        "time": "2017-11-10 07:15:00.000",
        "cdh": "304000141",
        "cdz": "322.171",
        "name": "网供总有功"
    },
    {
        "time": "2017-11-10 07:20:00.000",
        "cdh": "304000141",
        "cdz": "323.171",
        "name": "网供总有功"
    },
    {
        "time": "2017-11-10 07:25:00.000",
        "cdh": "304000141",
        "cdz": "325.171",
        "name": "网供总有功"
    },
    {
        "time": "2017-11-10 07:30:00.000",
        "cdh": "304000141",
        "cdz": "329.171",
        "name": "网供总有功"
    },
    {
        "time": "2017-11-10 07:35:00.000",
        "cdh": "304000141",
        "cdz": "320.171",
        "name": "网供总有功"
    },
    {
        "time": "2017-11-10 07:40:00.000",
        "cdh": "304000141",
        "cdz": "325.171",
        "name": "网供总有功"
    },
    {
        "time": "2017-11-10 07:45:00.000",
        "cdh": "304000141",
        "cdz": "330.171",
        "name": "网供总有功"
    },
    {
        "time": "2017-11-10 07:50:00.000",
        "cdh": "304000141",
        "cdz": "331.171",
        "name": "网供总有功"
    },
    {
        "time": "2017-11-10 07:55:00.000",
        "cdh": "304000141",
        "cdz": "335.171",
        "name": "网供总有功"
    },
    {
        "time": "2017-11-10 08:00:00.000",
        "cdh": "304000141",
        "cdz": "337.171",
        "name": "网供总有功"
    },
    {
        "time": "2017-11-10 08:05:00.000",
        "cdh": "304000141",
        "cdz": "335.171",
        "name": "网供总有功"
    },
    {
        "time": "2017-11-10 08:10:00.000",
        "cdh": "304000141",
        "cdz": "340.171",
        "name": "网供总有功"
    },
    {
        "time": "2017-11-10 08:15:00.000",
        "cdh": "304000141",
        "cdz": "343.171",
        "name": "网供总有功"
    },
    {
        "time": "2017-11-10 08:20:00.000",
        "cdh": "304000141",
        "cdz": "450.171",
        "name": "网供总有功"
    },
    {
        "time": "2017-11-10 08:25:00.000",
        "cdh": "304000141",
        "cdz": "351.171",
        "name": "网供总有功"
    },
    {
        "time": "2017-11-10 08:30:00.000",
        "cdh": "304000141",
        "cdz": "354.171",
        "name": "网供总有功"
    },
    {
        "time": "2017-11-10 08:35:00.000",
        "cdh": "304000141",
        "cdz": "358.171",
        "name": "网供总有功"
    },
    {
        "time": "2017-11-10 08:40:00.000",
        "cdh": "304000141",
        "cdz": "360.171",
        "name": "网供总有功"
    },
    {
        "time": "2017-11-10 08:45:00.000",
        "cdh": "304000141",
        "cdz": "365.171",
        "name": "网供总有功"
    },
    {
        "time": "2017-11-10 08:50:00.000",
        "cdh": "304000141",
        "cdz": "367.171",
        "name": "网供总有功"
    },
    {
        "time": "2017-11-10 08:55:00.000",
        "cdh": "304000141",
        "cdz": "370.171",
        "name": "网供总有功"
    },
    {
        "time": "2017-11-10 09:00:00.000",
        "cdh": "304000141",
        "cdz": "368.171",
        "name": "网供总有功"
    },
    {
        "time": "2017-11-10 09:05:00.000",
        "cdh": "304000141",
        "cdz": "376.171",
        "name": "网供总有功"
    },
    {
        "time": "2017-11-10 09:10:00.000",
        "cdh": "304000141",
        "cdz": "380.171",
        "name": "网供总有功"
    },
    {
        "time": "2017-11-10 09:15:00.000",
        "cdh": "304000141",
        "cdz": "384.171",
        "name": "网供总有功"
    },
    {
        "time": "2017-11-10 09:20:00.000",
        "cdh": "304000141",
        "cdz": "388.171",
        "name": "网供总有功"
    },
    {
        "time": "2017-11-10 09:25:00.000",
        "cdh": "304000141",
        "cdz": "392.171",
        "name": "网供总有功"
    },
    {
        "time": "2017-11-10 09:30:00.000",
        "cdh": "304000141",
        "cdz": "395.171",
        "name": "网供总有功"
    },
    {
        "time": "2017-11-10 09:35:00.000",
        "cdh": "304000141",
        "cdz": "397.171",
        "name": "网供总有功"
    },
    {
        "time": "2017-11-10 09:40:00.000",
        "cdh": "304000141",
        "cdz": "400.171",
        "name": "网供总有功"
    },
    {
        "time": "2017-11-10 09:45:00.000",
        "cdh": "304000141",
        "cdz": "399.171",
        "name": "网供总有功"
    },
    {
        "time": "2017-11-10 09:50:00.000",
        "cdh": "304000141",
        "cdz": "403.171",
        "name": "网供总有功"
    },
    {
        "time": "2017-11-10 09:55:00.000",
        "cdh": "304000141",
        "cdz": "405.171",
        "name": "网供总有功"
    },
    {
        "time": "2017-11-10 10:00:00.000",
        "cdh": "304000141",
        "cdz": "409.171",
        "name": "网供总有功"
    },
    {
        "time": "2017-11-09 00:05:00.000",
        "cdh": "304001305",
        "cdz": "186.171",
        "name": "昨日全县总有功"
    },
    {
        "time": "2017-11-09 00:10:00.000",
        "cdh": "304001305",
        "cdz": "189.171",
        "name": "昨日全县总有功"
    },
    {
        "time": "2017-11-09 00:15:00.000",
        "cdh": "304001305",
        "cdz": "186.171",
        "name": "昨日全县总有功"
    },
    {
        "time": "2017-11-09 00:20:00.000",
        "cdh": "304001305",
        "cdz": "180.171",
        "name": "昨日全县总有功"
    },
    {
        "time": "2017-11-09 00:25:00.000",
        "cdh": "304001305",
        "cdz": "185.171",
        "name": "昨日全县总有功"
    },
    {
        "time": "2017-11-09 00:30:00.000",
        "cdh": "304001305",
        "cdz": "176.171",
        "name": "昨日全县总有功"
    },
    {
        "time": "2017-11-09 00:35:00.000",
        "cdh": "304001305",
        "cdz": "179.171",
        "name": "昨日全县总有功"
    },
    {
        "time": "2017-11-09 00:40:00.000",
        "cdh": "304001305",
        "cdz": "184.171",
        "name": "昨日全县总有功"
    },
    {
        "time": "2017-11-09 00:45:00.000",
        "cdh": "304001305",
        "cdz": "183.171",
        "name": "昨日全县总有功"
    },
    {
        "time": "2017-11-09 00:50:00.000",
        "cdh": "304001305",
        "cdz": "185.171",
        "name": "昨日全县总有功"
    },
    {
        "time": "2017-11-09 00:55:00.000",
        "cdh": "304001305",
        "cdz": "196.171",
        "name": "昨日全县总有功"
    },
    {
        "time": "2017-11-09 01:00:00.000",
        "cdh": "304001305",
        "cdz": "190.171",
        "name": "昨日全县总有功"
    },
    {
        "time": "2017-11-09 01:05:00.000",
        "cdh": "304001305",
        "cdz": "204.171",
        "name": "昨日全县总有功"
    },
    {
        "time": "2017-11-09 01:10:00.000",
        "cdh": "304001305",
        "cdz": "205.171",
        "name": "昨日全县总有功"
    },
    {
        "time": "2017-11-09 01:15:00.000",
        "cdh": "304001305",
        "cdz": "207.171",
        "name": "昨日全县总有功"
    },
    {
        "time": "2017-11-09 01:20:00.000",
        "cdh": "304001305",
        "cdz": "203.171",
        "name": "昨日全县总有功"
    },
    {
        "time": "2017-11-09 01:25:00.000",
        "cdh": "304001305",
        "cdz": "204.171",
        "name": "昨日全县总有功"
    },
    {
        "time": "2017-11-09 01:30:00.000",
        "cdh": "304001305",
        "cdz": "205.171",
        "name": "昨日全县总有功"
    },
    {
        "time": "2017-11-09 01:35:00.000",
        "cdh": "304001305",
        "cdz": "210.171",
        "name": "昨日全县总有功"
    },
    {
        "time": "2017-11-09 01:40:00.000",
        "cdh": "304001305",
        "cdz": "225.171",
        "name": "昨日全县总有功"
    },
    {
        "time": "2017-11-09 01:45:00.000",
        "cdh": "304001305",
        "cdz": "239.171",
        "name": "昨日全县总有功"
    },
    {
        "time": "2017-11-09 01:50:00.000",
        "cdh": "304001305",
        "cdz": "222.171",
        "name": "昨日全县总有功"
    },
    {
        "time": "2017-11-09 01:55:00.000",
        "cdh": "304001305",
        "cdz": "214.171",
        "name": "昨日全县总有功"
    },
    {
        "time": "2017-11-09 02:10:00.000",
        "cdh": "304001305",
        "cdz": "210.171",
        "name": "昨日全县总有功"
    },
    {
        "time": "2017-11-09 02:15:00.000",
        "cdh": "304001305",
        "cdz": "235.171",
        "name": "昨日全县总有功"
    },
    {
        "time": "2017-11-09 02:20:00.000",
        "cdh": "304001305",
        "cdz": "230.171",
        "name": "昨日全县总有功"
    },
    {
        "time": "2017-11-09 02:25:00.000",
        "cdh": "304001305",
        "cdz": "232.171",
        "name": "昨日全县总有功"
    },
    {
        "time": "2017-11-09 02:30:00.000",
        "cdh": "304001305",
        "cdz": "210.171",
        "name": "昨日全县总有功"
    },
    {
        "time": "2017-11-09 02:35:00.000",
        "cdh": "304001305",
        "cdz": "214.171",
        "name": "昨日全县总有功"
    },
    {
        "time": "2017-11-09 02:40:00.000",
        "cdh": "304001305",
        "cdz": "204.171",
        "name": "昨日全县总有功"
    },
    {
        "time": "2017-11-09 02:45:00.000",
        "cdh": "304001305",
        "cdz": "199.171",
        "name": "昨日全县总有功"
    },
    {
        "time": "2017-11-09 02:50:00.000",
        "cdh": "304001305",
        "cdz": "223.171",
        "name": "昨日全县总有功"
    },
    {
        "time": "2017-11-09 02:55:00.000",
        "cdh": "304001305",
        "cdz": "230.171",
        "name": "昨日全县总有功"
    },
    {
        "time": "2017-11-09 03:00:00.000",
        "cdh": "304001305",
        "cdz": "244.171",
        "name": "昨日全县总有功"
    },
    {
        "time": "2017-11-09 03:05:00.000",
        "cdh": "304001305",
        "cdz": "255.171",
        "name": "昨日全县总有功"
    },
    {
        "time": "2017-11-09 03:10:00.000",
        "cdh": "304001305",
        "cdz": "250.171",
        "name": "昨日全县总有功"
    },
    {
        "time": "2017-11-09 03:15:00.000",
        "cdh": "304001305",
        "cdz": "253.171",
        "name": "昨日全县总有功"
    },
    {
        "time": "2017-11-09 03:20:00.000",
        "cdh": "304001305",
        "cdz": "245.171",
        "name": "昨日全县总有功"
    },
    {
        "time": "2017-11-09 03:25:00.000",
        "cdh": "304001305",
        "cdz": "240.171",
        "name": "昨日全县总有功"
    },
    {
        "time": "2017-11-09 03:30:00.000",
        "cdh": "304001305",
        "cdz": "233.171",
        "name": "昨日全县总有功"
    },
    {
        "time": "2017-11-09 03:35:00.000",
        "cdh": "304001305",
        "cdz": "244.171",
        "name": "昨日全县总有功"
    },
    {
        "time": "2017-11-09 03:40:00.000",
        "cdh": "304001305",
        "cdz": "253.171",
        "name": "昨日全县总有功"
    },
    {
        "time": "2017-11-09 03:45:00.000",
        "cdh": "304001305",
        "cdz": "255.171",
        "name": "昨日全县总有功"
    },
    {
        "time": "2017-11-09 03:50:00.000",
        "cdh": "304001305",
        "cdz": "245.171",
        "name": "昨日全县总有功"
    },
    {
        "time": "2017-11-09 03:55:00.000",
        "cdh": "304001305",
        "cdz": "255.171",
        "name": "昨日全县总有功"
    },
    {
        "time": "2017-11-09 04:00:00.000",
        "cdh": "304001305",
        "cdz": "257.171",
        "name": "昨日全县总有功"
    },
    {
        "time": "2017-11-09 04:05:00.000",
        "cdh": "304001305",
        "cdz": "261.171",
        "name": "昨日全县总有功"
    },
    {
        "time": "2017-11-09 04:10:00.000",
        "cdh": "304001305",
        "cdz": "264.171",
        "name": "昨日全县总有功"
    },
    {
        "time": "2017-11-09 04:15:00.000",
        "cdh": "304001305",
        "cdz": "266.171",
        "name": "昨日全县总有功"
    },
    {
        "time": "2017-11-09 04:20:00.000",
        "cdh": "304001305",
        "cdz": "267.171",
        "name": "昨日全县总有功"
    },
    {
        "time": "2017-11-09 04:25:00.000",
        "cdh": "304001305",
        "cdz": "259.171",
        "name": "昨日全县总有功"
    },
    {
        "time": "2017-11-09 04:30:00.000",
        "cdh": "304001305",
        "cdz": "265.171",
        "name": "昨日全县总有功"
    },
    {
        "time": "2017-11-09 04:35:00.000",
        "cdh": "304001305",
        "cdz": "270.171",
        "name": "昨日全县总有功"
    },
    {
        "time": "2017-11-09 04:40:00.000",
        "cdh": "304001305",
        "cdz": "274.171",
        "name": "昨日全县总有功"
    },
    {
        "time": "2017-11-09 04:45:00.000",
        "cdh": "304001305",
        "cdz": "281.171",
        "name": "昨日全县总有功"
    },
    {
        "time": "2017-11-09 04:50:00.000",
        "cdh": "304001305",
        "cdz": "274.171",
        "name": "昨日全县总有功"
    },
    {
        "time": "2017-11-09 04:55:00.000",
        "cdh": "304001305",
        "cdz": "273.171",
        "name": "昨日全县总有功"
    },
    {
        "time": "2017-11-09 05:00:00.000",
        "cdh": "304001305",
        "cdz": "295.171",
        "name": "昨日全县总有功"
    },
    {
        "time": "2017-11-09 05:05:00.000",
        "cdh": "304001305",
        "cdz": "296.171",
        "name": "昨日全县总有功"
    },
    {
        "time": "2017-11-09 05:10:00.000",
        "cdh": "304001305",
        "cdz": "298.171",
        "name": "昨日全县总有功"
    },
    {
        "time": "2017-11-09 05:15:00.000",
        "cdh": "304001305",
        "cdz": "293.171",
        "name": "昨日全县总有功"
    },
    {
        "time": "2017-11-09 05:20:00.000",
        "cdh": "304001305",
        "cdz": "294.171",
        "name": "昨日全县总有功"
    },
    {
        "time": "2017-11-09 05:25:00.000",
        "cdh": "304001305",
        "cdz": "295.171",
        "name": "昨日全县总有功"
    },
    {
        "time": "2017-11-09 05:30:00.000",
        "cdh": "304001305",
        "cdz": "292.171",
        "name": "昨日全县总有功"
    },
    {
        "time": "2017-11-09 05:35:00.000",
        "cdh": "304001305",
        "cdz": "297.171",
        "name": "昨日全县总有功"
    },
    {
        "time": "2017-11-09 05:40:00.000",
        "cdh": "304001305",
        "cdz": "299.171",
        "name": "昨日全县总有功"
    },
    {
        "time": "2017-11-09 05:45:00.000",
        "cdh": "304001305",
        "cdz": "301.171",
        "name": "昨日全县总有功"
    },
    {
        "time": "2017-11-09 05:50:00.000",
        "cdh": "304001305",
        "cdz": "302.171",
        "name": "昨日全县总有功"
    },
    {
        "time": "2017-11-09 05:55:00.000",
        "cdh": "304001305",
        "cdz": "304.171",
        "name": "昨日全县总有功"
    },
    {
        "time": "2017-11-09 06:00:00.000",
        "cdh": "304001305",
        "cdz": "308.171",
        "name": "昨日全县总有功"
    },
    {
        "time": "2017-11-09 06:05:00.000",
        "cdh": "304001305",
        "cdz": "310.171",
        "name": "昨日全县总有功"
    },
    {
        "time": "2017-11-09 06:10:00.000",
        "cdh": "304001305",
        "cdz": "309.171",
        "name": "昨日全县总有功"
    },
    {
        "time": "2017-11-09 06:15:00.000",
        "cdh": "304001305",
        "cdz": "303.171",
        "name": "昨日全县总有功"
    },
    {
        "time": "2017-11-09 06:20:00.000",
        "cdh": "304001305",
        "cdz": "301.171",
        "name": "昨日全县总有功"
    },
    {
        "time": "2017-11-09 06:25:00.000",
        "cdh": "304001305",
        "cdz": "315.171",
        "name": "昨日全县总有功"
    },
    {
        "time": "2017-11-09 06:30:00.000",
        "cdh": "304001305",
        "cdz": "317.171",
        "name": "昨日全县总有功"
    },
    {
        "time": "2017-11-09 06:35:00.000",
        "cdh": "304001305",
        "cdz": "310.171",
        "name": "昨日全县总有功"
    },
    {
        "time": "2017-11-09 06:40:00.000",
        "cdh": "304001305",
        "cdz": "315.171",
        "name": "昨日全县总有功"
    },
    {
        "time": "2017-11-09 06:45:00.000",
        "cdh": "304001305",
        "cdz": "316.171",
        "name": "昨日全县总有功"
    },
    {
        "time": "2017-11-09 06:50:00.000",
        "cdh": "304001305",
        "cdz": "303.171",
        "name": "昨日全县总有功"
    },
    {
        "time": "2017-11-09 06:55:00.000",
        "cdh": "304001305",
        "cdz": "320.171",
        "name": "昨日全县总有功"
    },
    {
        "time": "2017-11-09 07:00:00.000",
        "cdh": "304001305",
        "cdz": "316.171",
        "name": "昨日全县总有功"
    },
    {
        "time": "2017-11-09 07:05:00.000",
        "cdh": "304001305",
        "cdz": "320.171",
        "name": "昨日全县总有功"
    },
    {
        "time": "2017-11-09 07:10:00.000",
        "cdh": "304001305",
        "cdz": "324.171",
        "name": "昨日全县总有功"
    },
    {
        "time": "2017-11-09 07:15:00.000",
        "cdh": "304001305",
        "cdz": "322.171",
        "name": "昨日全县总有功"
    },
    {
        "time": "2017-11-09 07:20:00.000",
        "cdh": "304001305",
        "cdz": "323.171",
        "name": "昨日全县总有功"
    },
    {
        "time": "2017-11-09 07:25:00.000",
        "cdh": "304001305",
        "cdz": "336.171",
        "name": "昨日全县总有功"
    },
    {
        "time": "2017-11-09 07:30:00.000",
        "cdh": "304001305",
        "cdz": "330.171",
        "name": "昨日全县总有功"
    },
    {
        "time": "2017-11-09 07:35:00.000",
        "cdh": "304001305",
        "cdz": "329.171",
        "name": "昨日全县总有功"
    },
    {
        "time": "2017-11-09 07:40:00.000",
        "cdh": "304001305",
        "cdz": "333.171",
        "name": "昨日全县总有功"
    },
    {
        "time": "2017-11-09 07:45:00.000",
        "cdh": "304001305",
        "cdz": "334.171",
        "name": "昨日全县总有功"
    },
    {
        "time": "2017-11-09 07:50:00.000",
        "cdh": "304001305",
        "cdz": "336.171",
        "name": "昨日全县总有功"
    },
    {
        "time": "2017-11-09 07:55:00.000",
        "cdh": "304001305",
        "cdz": "343.171",
        "name": "昨日全县总有功"
    },
    {
        "time": "2017-11-09 08:00:00.000",
        "cdh": "304001305",
        "cdz": "340.171",
        "name": "昨日全县总有功"
    },
    {
        "time": "2017-11-09 08:05:00.000",
        "cdh": "304001305",
        "cdz": "346.171",
        "name": "昨日全县总有功"
    },
    {
        "time": "2017-11-09 08:10:00.000",
        "cdh": "304001305",
        "cdz": "342.171",
        "name": "昨日全县总有功"
    },
    {
        "time": "2017-11-09 08:15:00.000",
        "cdh": "304001305",
        "cdz": "345.171",
        "name": "昨日全县总有功"
    },
    {
        "time": "2017-11-09 08:20:00.000",
        "cdh": "304001305",
        "cdz": "450.171",
        "name": "昨日全县总有功"
    },
    {
        "time": "2017-11-09 08:25:00.000",
        "cdh": "304001305",
        "cdz": "354.171",
        "name": "昨日全县总有功"
    },
    {
        "time": "2017-11-09 08:30:00.000",
        "cdh": "304001305",
        "cdz": "360.171",
        "name": "昨日全县总有功"
    },
    {
        "time": "2017-11-09 08:35:00.000",
        "cdh": "304001305",
        "cdz": "361.171",
        "name": "昨日全县总有功"
    },
    {
        "time": "2017-11-09 08:40:00.000",
        "cdh": "304001305",
        "cdz": "365.171",
        "name": "昨日全县总有功"
    },
    {
        "time": "2017-11-09 08:45:00.000",
        "cdh": "304001305",
        "cdz": "376.171",
        "name": "昨日全县总有功"
    },
    {
        "time": "2017-11-09 08:50:00.000",
        "cdh": "304001305",
        "cdz": "373.171",
        "name": "昨日全县总有功"
    },
    {
        "time": "2017-11-09 08:55:00.000",
        "cdh": "304001305",
        "cdz": "372.171",
        "name": "昨日全县总有功"
    },
    {
        "time": "2017-11-09 09:00:00.000",
        "cdh": "304001305",
        "cdz": "378.171",
        "name": "昨日全县总有功"
    },
    {
        "time": "2017-11-09 09:05:00.000",
        "cdh": "304001305",
        "cdz": "380.171",
        "name": "昨日全县总有功"
    },
    {
        "time": "2017-11-09 09:10:00.000",
        "cdh": "304001305",
        "cdz": "383.171",
        "name": "昨日全县总有功"
    },
    {
        "time": "2017-11-09 09:15:00.000",
        "cdh": "304001305",
        "cdz": "389.171",
        "name": "昨日全县总有功"
    },
    {
        "time": "2017-11-09 09:20:00.000",
        "cdh": "304001305",
        "cdz": "390.171",
        "name": "昨日全县总有功"
    },
    {
        "time": "2017-11-09 09:25:00.000",
        "cdh": "304001305",
        "cdz": "397.171",
        "name": "昨日全县总有功"
    },
    {
        "time": "2017-11-09 09:30:00.000",
        "cdh": "304001305",
        "cdz": "400.171",
        "name": "昨日全县总有功"
    },
    {
        "time": "2017-11-09 09:35:00.000",
        "cdh": "304001305",
        "cdz": "403.171",
        "name": "昨日全县总有功"
    },
    {
        "time": "2017-11-09 09:40:00.000",
        "cdh": "304001305",
        "cdz": "407.171",
        "name": "昨日全县总有功"
    },
    {
        "time": "2017-11-09 09:45:00.000",
        "cdh": "304001305",
        "cdz": "409.171",
        "name": "昨日全县总有功"
    },
    {
        "time": "2017-11-09 09:50:00.000",
        "cdh": "304001305",
        "cdz": "410.171",
        "name": "昨日全县总有功"
    },
    {
        "time": "2017-11-09 09:55:00.000",
        "cdh": "304001305",
        "cdz": "415.171",
        "name": "昨日全县总有功"
    },
    {
        "time": "2017-11-09 10:00:00.000",
        "cdh": "304001305",
        "cdz": "419.171",
        "name": "昨日全县总有功"
    },
    {
        "time": "2017-11-09 10:05:00.000",
        "cdh": "304001305",
        "cdz": "420.171",
        "name": "昨日全县总有功"
    },
    {
        "time": "2017-11-09 10:10:00.000",
        "cdh": "304001305",
        "cdz": "418.171",
        "name": "昨日全县总有功"
    },
    {
        "time": "2017-11-09 10:15:00.000",
        "cdh": "304001305",
        "cdz": "425.171",
        "name": "昨日全县总有功"
    },
    {
        "time": "2017-11-09 10:20:00.000",
        "cdh": "304001305",
        "cdz": "423.171",
        "name": "昨日全县总有功"
    },
    {
        "time": "2017-11-09 10:25:00.000",
        "cdh": "304001305",
        "cdz": "426.171",
        "name": "昨日全县总有功"
    },
    {
        "time": "2017-11-09 10:30:00.000",
        "cdh": "304001305",
        "cdz": "434.171",
        "name": "昨日全县总有功"
    },
    {
        "time": "2017-11-09 10:35:00.000",
        "cdh": "304001305",
        "cdz": "429.171",
        "name": "昨日全县总有功"
    },
    {
        "time": "2017-11-09 10:40:00.000",
        "cdh": "304001305",
        "cdz": "425.171",
        "name": "昨日全县总有功"
    },
    {
        "time": "2017-11-09 10:45:00.000",
        "cdh": "304001305",
        "cdz": "420.171",
        "name": "昨日全县总有功"
    },
    {
        "time": "2017-11-09 10:50:00.000",
        "cdh": "304001305",
        "cdz": "418.171",
        "name": "昨日全县总有功"
    },
    {
        "time": "2017-11-09 10:55:00.000",
        "cdh": "304001305",
        "cdz": "419.171",
        "name": "昨日全县总有功"
    },
    {
        "time": "2017-11-09 11:00:00.000",
        "cdh": "304001305",
        "cdz": "425.171",
        "name": "昨日全县总有功"
    },
    {
        "time": "2017-11-09 11:05:00.000",
        "cdh": "304001305",
        "cdz": "428.171",
        "name": "昨日全县总有功"
    },
    {
        "time": "2017-11-09 11:10:00.000",
        "cdh": "304001305",
        "cdz": "420.171",
        "name": "昨日全县总有功"
    },
    {
        "time": "2017-11-09 11:15:00.000",
        "cdh": "304001305",
        "cdz": "428.171",
        "name": "昨日全县总有功"
    },
    {
        "time": "2017-11-09 11:20:00.000",
        "cdh": "304001305",
        "cdz": "418.171",
        "name": "昨日全县总有功"
    },
    {
        "time": "2017-11-09 11:25:00.000",
        "cdh": "304001305",
        "cdz": "408.171",
        "name": "昨日全县总有功"
    },
    {
        "time": "2017-11-09 11:30:00.000",
        "cdh": "304001305",
        "cdz": "412.171",
        "name": "昨日全县总有功"
    },
    {
        "time": "2017-11-09 11:35:00.000",
        "cdh": "304001305",
        "cdz": "415.171",
        "name": "昨日全县总有功"
    },
    {
        "time": "2017-11-09 11:40:00.000",
        "cdh": "304001305",
        "cdz": "419.171",
        "name": "昨日全县总有功"
    },
    {
        "time": "2017-11-09 11:45:00.000",
        "cdh": "304001305",
        "cdz": "416.171",
        "name": "昨日全县总有功"
    },
    {
        "time": "2017-11-09 11:50:00.000",
        "cdh": "304001305",
        "cdz": "412.171",
        "name": "昨日全县总有功"
    },
    {
        "time": "2017-11-09 11:55:00.000",
        "cdh": "304001305",
        "cdz": "399.171",
        "name": "昨日全县总有功"
    },
    {
        "time": "2017-11-09 12:00:00.000",
        "cdh": "304001305",
        "cdz": "401.171",
        "name": "昨日全县总有功"
    },
    {
        "time": "2017-11-09 12:05:00.000",
        "cdh": "304001305",
        "cdz": "397.171",
        "name": "昨日全县总有功"
    },
    {
        "time": "2017-11-09 12:10:00.000",
        "cdh": "304001305",
        "cdz": "395.171",
        "name": "昨日全县总有功"
    },
    {
        "time": "2017-11-09 12:15:00.000",
        "cdh": "304001305",
        "cdz": "401.171",
        "name": "昨日全县总有功"
    },
    {
        "time": "2017-11-09 12:20:00.000",
        "cdh": "304001305",
        "cdz": "405.171",
        "name": "昨日全县总有功"
    },
    {
        "time": "2017-11-09 12:25:00.000",
        "cdh": "304001305",
        "cdz": "406.171",
        "name": "昨日全县总有功"
    },
    {
        "time": "2017-11-09 12:30:00.000",
        "cdh": "304001305",
        "cdz": "411.171",
        "name": "昨日全县总有功"
    },
    {
        "time": "2017-11-09 12:35:00.000",
        "cdh": "304001305",
        "cdz": "400.171",
        "name": "昨日全县总有功"
    },
    {
        "time": "2017-11-09 12:40:00.000",
        "cdh": "304001305",
        "cdz": "409.171",
        "name": "昨日全县总有功"
    },
    {
        "time": "2017-11-09 12:45:00.000",
        "cdh": "304001305",
        "cdz": "397.171",
        "name": "昨日全县总有功"
    },
    {
        "time": "2017-11-09 12:50:00.000",
        "cdh": "304001305",
        "cdz": "395.171",
        "name": "昨日全县总有功"
    },
    {
        "time": "2017-11-09 12:55:00.000",
        "cdh": "304001305",
        "cdz": "405.171",
        "name": "昨日全县总有功"
    },
    {
        "time": "2017-11-09 13:00:00.000",
        "cdh": "304001305",
        "cdz": "409.171",
        "name": "昨日全县总有功"
    },
    {
        "time": "2017-11-09 13:05:00.000",
        "cdh": "304001305",
        "cdz": "401.171",
        "name": "昨日全县总有功"
    },
    {
        "time": "2017-11-09 13:10:00.000",
        "cdh": "304001305",
        "cdz": "398.171",
        "name": "昨日全县总有功"
    },
    {
        "time": "2017-11-09 13:15:00.000",
        "cdh": "304001305",
        "cdz": "397.171",
        "name": "昨日全县总有功"
    },
    {
        "time": "2017-11-09 13:20:00.000",
        "cdh": "304001305",
        "cdz": "388.171",
        "name": "昨日全县总有功"
    },
    {
        "time": "2017-11-09 13:25:00.000",
        "cdh": "304001305",
        "cdz": "392.171",
        "name": "昨日全县总有功"
    },
    {
        "time": "2017-11-09 13:30:00.000",
        "cdh": "304001305",
        "cdz": "395.171",
        "name": "昨日全县总有功"
    },
    {
        "time": "2017-11-09 13:35:00.000",
        "cdh": "304001305",
        "cdz": "397.171",
        "name": "昨日全县总有功"
    },
    {
        "time": "2017-11-09 13:40:00.000",
        "cdh": "304001305",
        "cdz": "400.171",
        "name": "昨日全县总有功"
    },
    {
        "time": "2017-11-09 13:45:00.000",
        "cdh": "304001305",
        "cdz": "399.171",
        "name": "昨日全县总有功"
    },
    {
        "time": "2017-11-09 13:50:00.000",
        "cdh": "304001305",
        "cdz": "403.171",
        "name": "昨日全县总有功"
    },
    {
        "time": "2017-11-09 13:55:00.000",
        "cdh": "304001305",
        "cdz": "405.171",
        "name": "昨日全县总有功"
    },
    {
        "time": "2017-11-09 14:00:00.000",
        "cdh": "304001305",
        "cdz": "409.171",
        "name": "昨日全县总有功"
    },
    {
        "time": "2017-11-09 14:05:00.000",
        "cdh": "304001305",
        "cdz": "390.171",
        "name": "昨日全县总有功"
    },
    {
        "time": "2017-11-09 14:10:00.000",
        "cdh": "304001305",
        "cdz": "380.171",
        "name": "昨日全县总有功"
    },
    {
        "time": "2017-11-09 14:15:00.000",
        "cdh": "304001305",
        "cdz": "384.171",
        "name": "昨日全县总有功"
    },
    {
        "time": "2017-11-09 14:20:00.000",
        "cdh": "304001305",
        "cdz": "388.171",
        "name": "昨日全县总有功"
    },
    {
        "time": "2017-11-09 14:25:00.000",
        "cdh": "304001305",
        "cdz": "392.171",
        "name": "昨日全县总有功"
    },
    {
        "time": "2017-11-09 14:30:00.000",
        "cdh": "304001305",
        "cdz": "395.171",
        "name": "昨日全县总有功"
    },
    {
        "time": "2017-11-09 14:35:00.000",
        "cdh": "304001305",
        "cdz": "397.171",
        "name": "昨日全县总有功"
    },
    {
        "time": "2017-11-09 14:40:00.000",
        "cdh": "304001305",
        "cdz": "400.171",
        "name": "昨日全县总有功"
    },
    {
        "time": "2017-11-09 14:45:00.000",
        "cdh": "304001305",
        "cdz": "399.171",
        "name": "昨日全县总有功"
    },
    {
        "time": "2017-11-09 14:50:00.000",
        "cdh": "304001305",
        "cdz": "403.171",
        "name": "昨日全县总有功"
    },
    {
        "time": "2017-11-09 14:55:00.000",
        "cdh": "304001305",
        "cdz": "405.171",
        "name": "昨日全县总有功"
    },
    {
        "time": "2017-11-09 15:00:00.000",
        "cdh": "304001305",
        "cdz": "407.171",
        "name": "昨日全县总有功"
    },
    {
        "time": "2017-11-09 15:05:00.000",
        "cdh": "304001305",
        "cdz": "400.171",
        "name": "昨日全县总有功"
    },
    {
        "time": "2017-11-09 15:10:00.000",
        "cdh": "304001305",
        "cdz": "390.171",
        "name": "昨日全县总有功"
    },
    {
        "time": "2017-11-09 15:15:00.000",
        "cdh": "304001305",
        "cdz": "384.171",
        "name": "昨日全县总有功"
    },
    {
        "time": "2017-11-09 15:20:00.000",
        "cdh": "304001305",
        "cdz": "388.171",
        "name": "昨日全县总有功"
    },
    {
        "time": "2017-11-09 15:25:00.000",
        "cdh": "304001305",
        "cdz": "392.171",
        "name": "昨日全县总有功"
    },
    {
        "time": "2017-11-09 15:30:00.000",
        "cdh": "304001305",
        "cdz": "395.171",
        "name": "昨日全县总有功"
    },
    {
        "time": "2017-11-09 15:35:00.000",
        "cdh": "304001305",
        "cdz": "397.171",
        "name": "昨日全县总有功"
    },
    {
        "time": "2017-11-09 15:40:00.000",
        "cdh": "304001305",
        "cdz": "400.171",
        "name": "昨日全县总有功"
    },
    {
        "time": "2017-11-09 15:45:00.000",
        "cdh": "304001305",
        "cdz": "399.171",
        "name": "昨日全县总有功"
    },
    {
        "time": "2017-11-09 15:50:00.000",
        "cdh": "304001305",
        "cdz": "380.171",
        "name": "昨日全县总有功"
    },
    {
        "time": "2017-11-09 15:55:00.000",
        "cdh": "304001305",
        "cdz": "385.171",
        "name": "昨日全县总有功"
    },
    {
        "time": "2017-11-09 16:00:00.000",
        "cdh": "304001305",
        "cdz": "379.171",
        "name": "昨日全县总有功"
    },
    {
        "time": "2017-11-09 16:05:00.000",
        "cdh": "304001305",
        "cdz": "376.171",
        "name": "昨日全县总有功"
    },
    {
        "time": "2017-11-09 16:10:00.000",
        "cdh": "304001305",
        "cdz": "380.171",
        "name": "昨日全县总有功"
    },
    {
        "time": "2017-11-09 16:15:00.000",
        "cdh": "304001305",
        "cdz": "384.171",
        "name": "昨日全县总有功"
    },
    {
        "time": "2017-11-09 16:20:00.000",
        "cdh": "304001305",
        "cdz": "388.171",
        "name": "昨日全县总有功"
    },
    {
        "time": "2017-11-09 16:25:00.000",
        "cdh": "304001305",
        "cdz": "392.171",
        "name": "昨日全县总有功"
    },
    {
        "time": "2017-11-09 16:30:00.000",
        "cdh": "304001305",
        "cdz": "395.171",
        "name": "昨日全县总有功"
    },
    {
        "time": "2017-11-09 16:35:00.000",
        "cdh": "304001305",
        "cdz": "397.171",
        "name": "昨日全县总有功"
    },
    {
        "time": "2017-11-09 16:40:00.000",
        "cdh": "304001305",
        "cdz": "400.171",
        "name": "昨日全县总有功"
    },
    {
        "time": "2017-11-09 16:45:00.000",
        "cdh": "304001305",
        "cdz": "399.171",
        "name": "昨日全县总有功"
    },
    {
        "time": "2017-11-09 16:50:00.000",
        "cdh": "304001305",
        "cdz": "403.171",
        "name": "昨日全县总有功"
    },
    {
        "time": "2017-11-09 16:55:00.000",
        "cdh": "304001305",
        "cdz": "390.171",
        "name": "昨日全县总有功"
    },
    {
        "time": "2017-11-09 17:00:00.000",
        "cdh": "304001305",
        "cdz": "380.171",
        "name": "昨日全县总有功"
    },
    {
        "time": "2017-11-09 17:05:00.000",
        "cdh": "304001305",
        "cdz": "376.171",
        "name": "昨日全县总有功"
    },
    {
        "time": "2017-11-09 17:10:00.000",
        "cdh": "304001305",
        "cdz": "380.171",
        "name": "昨日全县总有功"
    },
    {
        "time": "2017-11-09 17:15:00.000",
        "cdh": "304001305",
        "cdz": "384.171",
        "name": "昨日全县总有功"
    },
    {
        "time": "2017-11-09 17:20:00.000",
        "cdh": "304001305",
        "cdz": "388.171",
        "name": "昨日全县总有功"
    },
    {
        "time": "2017-11-09 17:25:00.000",
        "cdh": "304001305",
        "cdz": "392.171",
        "name": "昨日全县总有功"
    },
    {
        "time": "2017-11-09 17:30:00.000",
        "cdh": "304001305",
        "cdz": "395.171",
        "name": "昨日全县总有功"
    },
    {
        "time": "2017-11-09 17:35:00.000",
        "cdh": "304001305",
        "cdz": "397.171",
        "name": "昨日全县总有功"
    },
    {
        "time": "2017-11-09 17:40:00.000",
        "cdh": "304001305",
        "cdz": "390.171",
        "name": "昨日全县总有功"
    },
    {
        "time": "2017-11-09 17:45:00.000",
        "cdh": "304001305",
        "cdz": "389.171",
        "name": "昨日全县总有功"
    },
    {
        "time": "2017-11-09 17:50:00.000",
        "cdh": "304001305",
        "cdz": "393.171",
        "name": "昨日全县总有功"
    },
    {
        "time": "2017-11-09 17:55:00.000",
        "cdh": "304001305",
        "cdz": "395.171",
        "name": "昨日全县总有功"
    },
    {
        "time": "2017-11-09 18:00:00.000",
        "cdh": "304001305",
        "cdz": "399.171",
        "name": "昨日全县总有功"
    },
    {
        "time": "2017-11-09 18:05:00.000",
        "cdh": "304001305",
        "cdz": "376.171",
        "name": "昨日全县总有功"
    },
    {
        "time": "2017-11-09 18:10:00.000",
        "cdh": "304001305",
        "cdz": "380.171",
        "name": "昨日全县总有功"
    },
    {
        "time": "2017-11-09 18:15:00.000",
        "cdh": "304001305",
        "cdz": "384.171",
        "name": "昨日全县总有功"
    },
    {
        "time": "2017-11-09 18:20:00.000",
        "cdh": "304001305",
        "cdz": "388.171",
        "name": "昨日全县总有功"
    },
    {
        "time": "2017-11-09 18:25:00.000",
        "cdh": "304001305",
        "cdz": "392.171",
        "name": "昨日全县总有功"
    },
    {
        "time": "2017-11-09 18:30:00.000",
        "cdh": "304001305",
        "cdz": "395.171",
        "name": "昨日全县总有功"
    },
    {
        "time": "2017-11-09 18:35:00.000",
        "cdh": "304001305",
        "cdz": "397.171",
        "name": "昨日全县总有功"
    },
    {
        "time": "2017-11-09 18:40:00.000",
        "cdh": "304001305",
        "cdz": "400.171",
        "name": "昨日全县总有功"
    },
    {
        "time": "2017-11-09 18:45:00.000",
        "cdh": "304001305",
        "cdz": "399.171",
        "name": "昨日全县总有功"
    },
    {
        "time": "2017-11-09 18:50:00.000",
        "cdh": "304001305",
        "cdz": "383.171",
        "name": "昨日全县总有功"
    },
    {
        "time": "2017-11-09 18:55:00.000",
        "cdh": "304001305",
        "cdz": "380.171",
        "name": "昨日全县总有功"
    },
    {
        "time": "2017-11-09 19:00:00.000",
        "cdh": "304001305",
        "cdz": "376.171",
        "name": "昨日全县总有功"
    },
    {
        "time": "2017-11-09 19:05:00.000",
        "cdh": "304001305",
        "cdz": "376.171",
        "name": "昨日全县总有功"
    },
    {
        "time": "2017-11-09 19:10:00.000",
        "cdh": "304001305",
        "cdz": "380.171",
        "name": "昨日全县总有功"
    },
    {
        "time": "2017-11-09 19:15:00.000",
        "cdh": "304001305",
        "cdz": "370.171",
        "name": "昨日全县总有功"
    },
    {
        "time": "2017-11-09 19:20:00.000",
        "cdh": "304001305",
        "cdz": "375.171",
        "name": "昨日全县总有功"
    },
    {
        "time": "2017-11-09 19:25:00.000",
        "cdh": "304001305",
        "cdz": "370.171",
        "name": "昨日全县总有功"
    },
    {
        "time": "2017-11-09 19:30:00.000",
        "cdh": "304001305",
        "cdz": "360.171",
        "name": "昨日全县总有功"
    },
    {
        "time": "2017-11-09 19:35:00.000",
        "cdh": "304001305",
        "cdz": "365.171",
        "name": "昨日全县总有功"
    },
    {
        "time": "2017-11-09 19:40:00.000",
        "cdh": "304001305",
        "cdz": "360.171",
        "name": "昨日全县总有功"
    },
    {
        "time": "2017-11-09 19:45:00.000",
        "cdh": "304001305",
        "cdz": "364.171",
        "name": "昨日全县总有功"
    },
    {
        "time": "2017-11-09 19:50:00.000",
        "cdh": "304001305",
        "cdz": "359.171",
        "name": "昨日全县总有功"
    },
    {
        "time": "2017-11-09 19:55:00.000",
        "cdh": "304001305",
        "cdz": "355.171",
        "name": "昨日全县总有功"
    },
    {
        "time": "2017-11-09 20:00:00.000",
        "cdh": "304001305",
        "cdz": "354.171",
        "name": "昨日全县总有功"
    },
    {
        "time": "2017-11-09 20:05:00.000",
        "cdh": "304001305",
        "cdz": "354.171",
        "name": "昨日全县总有功"
    },
    {
        "time": "2017-11-09 20:10:00.000",
        "cdh": "304001305",
        "cdz": "350.171",
        "name": "昨日全县总有功"
    },
    {
        "time": "2017-11-09 20:15:00.000",
        "cdh": "304001305",
        "cdz": "348.171",
        "name": "昨日全县总有功"
    },
    {
        "time": "2017-11-09 20:20:00.000",
        "cdh": "304001305",
        "cdz": "345.171",
        "name": "昨日全县总有功"
    },
    {
        "time": "2017-11-09 20:25:00.000",
        "cdh": "304001305",
        "cdz": "340.171",
        "name": "昨日全县总有功"
    },
    {
        "time": "2017-11-09 20:30:00.000",
        "cdh": "304001305",
        "cdz": "333.171",
        "name": "昨日全县总有功"
    },
    {
        "time": "2017-11-09 20:35:00.000",
        "cdh": "304001305",
        "cdz": "320.171",
        "name": "昨日全县总有功"
    },
    {
        "time": "2017-11-09 20:40:00.000",
        "cdh": "304001305",
        "cdz": "315.171",
        "name": "昨日全县总有功"
    },
    {
        "time": "2017-11-09 20:45:00.000",
        "cdh": "304001305",
        "cdz": "310.171",
        "name": "昨日全县总有功"
    },
    {
        "time": "2017-11-09 20:50:00.000",
        "cdh": "304001305",
        "cdz": "300.171",
        "name": "昨日全县总有功"
    },
    {
        "time": "2017-11-09 20:55:00.000",
        "cdh": "304001305",
        "cdz": "290.171",
        "name": "昨日全县总有功"
    },
    {
        "time": "2017-11-09 21:00:00.000",
        "cdh": "304001305",
        "cdz": "285.171",
        "name": "昨日全县总有功"
    },
    {
        "time": "2017-11-09 21:05:00.000",
        "cdh": "304001305",
        "cdz": "276.171",
        "name": "昨日全县总有功"
    },
    {
        "time": "2017-11-09 21:10:00.000",
        "cdh": "304001305",
        "cdz": "270.171",
        "name": "昨日全县总有功"
    },
    {
        "time": "2017-11-09 21:15:00.000",
        "cdh": "304001305",
        "cdz": "265.171",
        "name": "昨日全县总有功"
    },
    {
        "time": "2017-11-09 21:20:00.000",
        "cdh": "304001305",
        "cdz": "259.171",
        "name": "昨日全县总有功"
    },
    {
        "time": "2017-11-09 21:25:00.000",
        "cdh": "304001305",
        "cdz": "260.171",
        "name": "昨日全县总有功"
    },
    {
        "time": "2017-11-09 21:30:00.000",
        "cdh": "304001305",
        "cdz": "253.171",
        "name": "昨日全县总有功"
    },
    {
        "time": "2017-11-09 21:35:00.000",
        "cdh": "304001305",
        "cdz": "255.171",
        "name": "昨日全县总有功"
    },
    {
        "time": "2017-11-09 21:40:00.000",
        "cdh": "304001305",
        "cdz": "250.171",
        "name": "昨日全县总有功"
    },
    {
        "time": "2017-11-09 21:45:00.000",
        "cdh": "304001305",
        "cdz": "243.171",
        "name": "昨日全县总有功"
    },
    {
        "time": "2017-11-09 21:50:00.000",
        "cdh": "304001305",
        "cdz": "246.171",
        "name": "昨日全县总有功"
    },
    {
        "time": "2017-11-09 21:55:00.000",
        "cdh": "304001305",
        "cdz": "240.171",
        "name": "昨日全县总有功"
    },
    {
        "time": "2017-11-09 22:00:00.000",
        "cdh": "304001305",
        "cdz": "233.171",
        "name": "昨日全县总有功"
    },
    {
        "time": "2017-11-09 22:05:00.000",
        "cdh": "304001305",
        "cdz": "234.171",
        "name": "昨日全县总有功"
    },
    {
        "time": "2017-11-09 22:10:00.000",
        "cdh": "304001305",
        "cdz": "245.171",
        "name": "昨日全县总有功"
    },
    {
        "time": "2017-11-09 22:15:00.000",
        "cdh": "304001305",
        "cdz": "240.171",
        "name": "昨日全县总有功"
    },
    {
        "time": "2017-11-09 22:20:00.000",
        "cdh": "304001305",
        "cdz": "235.171",
        "name": "昨日全县总有功"
    },
    {
        "time": "2017-11-09 22:25:00.000",
        "cdh": "304001305",
        "cdz": "230.171",
        "name": "昨日全县总有功"
    },
    {
        "time": "2017-11-09 22:30:00.000",
        "cdh": "304001305",
        "cdz": "226.171",
        "name": "昨日全县总有功"
    },
    {
        "time": "2017-11-09 22:35:00.000",
        "cdh": "304001305",
        "cdz": "219.171",
        "name": "昨日全县总有功"
    },
    {
        "time": "2017-11-09 22:40:00.000",
        "cdh": "304001305",
        "cdz": "217.171",
        "name": "昨日全县总有功"
    },
    {
        "time": "2017-11-09 22:45:00.000",
        "cdh": "304001305",
        "cdz": "220.171",
        "name": "昨日全县总有功"
    },
    {
        "time": "2017-11-09 22:50:00.000",
        "cdh": "304001305",
        "cdz": "217.171",
        "name": "昨日全县总有功"
    },
    {
        "time": "2017-11-09 22:55:00.000",
        "cdh": "304001305",
        "cdz": "211.171",
        "name": "昨日全县总有功"
    },
    {
        "time": "2017-11-09 23:00:00.000",
        "cdh": "304001305",
        "cdz": "206.171",
        "name": "昨日全县总有功"
    },
    {
        "time": "2017-11-09 23:05:00.000",
        "cdh": "304001305",
        "cdz": "210.171",
        "name": "昨日全县总有功"
    },
    {
        "time": "2017-11-09 23:10:00.000",
        "cdh": "304001305",
        "cdz": "205.171",
        "name": "昨日全县总有功"
    },
    {
        "time": "2017-11-09 23:15:00.000",
        "cdh": "304001305",
        "cdz": "201.171",
        "name": "昨日全县总有功"
    },
    {
        "time": "2017-11-09 23:20:00.000",
        "cdh": "304001305",
        "cdz": "200.171",
        "name": "昨日全县总有功"
    },
    {
        "time": "2017-11-09 23:25:00.000",
        "cdh": "304001305",
        "cdz": "192.171",
        "name": "昨日全县总有功"
    },
    {
        "time": "2017-11-09 23:30:00.000",
        "cdh": "304001305",
        "cdz": "195.171",
        "name": "昨日全县总有功"
    },
    {
        "time": "2017-11-09 23:35:00.000",
        "cdh": "304001305",
        "cdz": "190.171",
        "name": "昨日全县总有功"
    },
    {
        "time": "2017-11-09 23:40:00.000",
        "cdh": "304001305",
        "cdz": "180.171",
        "name": "昨日全县总有功"
    },
    {
        "time": "2017-11-09 23:45:00.000",
        "cdh": "304001305",
        "cdz": "185.171",
        "name": "昨日全县总有功"
    },
    {
        "time": "2017-11-09 23:50:00.000",
        "cdh": "304001305",
        "cdz": "186.171",
        "name": "昨日全县总有功"
    },
    {
        "time": "2017-11-09 23:55:00.000",
        "cdh": "304001305",
        "cdz": "184.171",
        "name": "昨日全县总有功"
    }
]