[{
        "cdh": "304001401",
        "cdz": "451.212",
        "name": "慈溪"
    },
    {
        "cdh": "304001401",
        "cdz": "430.231",
        "name": "余姚"
    },
    {
        "cdh": "304001403",
        "cdz": "380.122",
        "name": "鄞州"
    },
    {
        "cdh": "304001404",
        "cdz": "360.876",
        "name": "镇海"
    },
    {
        "cdh": "304001405",
        "cdz": "379.894",
        "name": "北仑"
    },
    {
        "cdh": "304001406",
        "cdz": "421.901",
        "name": "奉化"
    },
    {
        "cdh": "304001407",
        "cdz": "411.171",
        "name": "宁海"
    },
    {
        "cdh": "304001408",
        "cdz": "390.932",
        "name": "象山"
    },
    {
        "cdh": "304001409",
        "cdz": "375.133",
        "name": "海曙"
    },
    {
        "cdh": "304001410",
        "cdz": "350.451",
        "name": "江东"
    },
    {
        "cdh": "304001411",
        "cdz": "330.561",
        "name": "江北"
    },
    {
        "cdh": "304001412",
        "cdz": "110.313",
        "name": "杭州湾"
    }
]